horizon_step,mae_Pitch(градусы),std_mean_Pitch(градусы),corr_p_Pitch(градусы),p_p_Pitch(градусы),corr_s_Pitch(градусы),p_s_Pitch(градусы),cover1_Pitch(градусы),cover196_Pitch(градусы),mae_Roll(градусы),std_mean_Roll(градусы),corr_p_Roll(градусы),p_p_Roll(градусы),corr_s_Roll(градусы),p_s_Roll(градусы),cover1_Roll(градусы),cover196_Roll(градусы),mae_Vertical(Метр),std_mean_Vertical(Метр),corr_p_Vertical(Метр),p_p_Vertical(Метр),corr_s_Vertical(Метр),p_s_Vertical(Метр),cover1_Vertical(Метр),cover196_Vertical(Метр),mae_Velocity.Pitching(°/мин),std_mean_Velocity.Pitching(°/мин),corr_p_Velocity.Pitching(°/мин),p_p_Velocity.Pitching(°/мин),corr_s_Velocity.Pitching(°/мин),p_s_Velocity.Pitching(°/мин),cover1_Velocity.Pitching(°/мин),cover196_Velocity.Pitching(°/мин),mae_Velocity.Rolling(°/мин),std_mean_Velocity.Rolling(°/мин),corr_p_Velocity.Rolling(°/мин),p_p_Velocity.Rolling(°/мин),corr_s_Velocity.Rolling(°/мин),p_s_Velocity.Rolling(°/мин),cover1_Velocity.Rolling(°/мин),cover196_Velocity.Rolling(°/мин),mae_Velocity.Vertical(узлы),std_mean_Velocity.Vertical(узлы),corr_p_Velocity.Vertical(узлы),p_p_Velocity.Vertical(узлы),corr_s_Velocity.Vertical(узлы),p_s_Velocity.Vertical(узлы),cover1_Velocity.Vertical(узлы),cover196_Velocity.Vertical(узлы),mae_ROT(°/мин),std_mean_ROT(°/мин),corr_p_ROT(°/мин),p_p_ROT(°/мин),corr_s_ROT(°/мин),p_s_ROT(°/мин),cover1_ROT(°/мин),cover196_ROT(°/мин),mae_SOG(узлы),std_mean_SOG(узлы),corr_p_SOG(узлы),p_p_SOG(узлы),corr_s_SOG(узлы),p_s_SOG(узлы),cover1_SOG(узлы),cover196_SOG(узлы)
1,0.08109226869915503,0.0684947574908388,0.5289519982161306,2.29377601151611e-14,0.5822216735084417,1.012568505693124e-17,0.5555555555555556,0.8388888888888889,0.37719134223450745,0.36126012895627974,0.40657824995574643,1.4841402740714058e-08,0.42707490971943574,2.2483666194509808e-09,0.5222222222222223,0.8333333333333334,0.1739044591168112,0.13471240139415086,0.37617290251065827,1.9487872315752686e-07,0.3728468985668282,2.543073723685678e-07,0.4222222222222222,0.7666666666666667,4.596352796370271,2.7491391288406932,0.5443532022946443,2.8252464540835106e-15,0.6477360412358405,8.624145966732662e-23,0.46111111111111114,0.7333333333333333,19.754810035576707,12.295384950461337,0.46685978037152803,3.9458493455438144e-11,0.4852392563556488,5.074755990709744e-12,0.38333333333333336,0.6833333333333333,0.3792949205996925,0.2005573044839126,0.34265773147326595,2.4949301154963983e-06,0.334259287838102,4.519971696430122e-06,0.3111111111111111,0.5944444444444444,2.4746047365434434,1.1562250246640042,0.529379882507993,2.1672151620099246e-14,0.4722985277323374,2.178012514968458e-11,0.2777777777777778,0.5611111111111111,0.257938441317749,0.13619432226111236,0.33363504495169677,4.720828253802494e-06,0.31446649587950243,1.7142004827047998e-05,0.37777777777777777,0.6611111111111111
2,0.13152305068940529,0.0818088193980219,0.4839619510136852,5.8755152931812934e-12,0.5994053314402707,6.127270011237464e-19,0.4666666666666667,0.6777777777777778,0.500545298532817,0.3952505851399397,0.43517768223504044,1.0290377302514358e-09,0.4822391637601983,7.152420366080633e-12,0.4777777777777778,0.8,0.29079639543400204,0.15004701441323445,0.43025510122225397,1.6584823151597082e-09,0.4198730413490128,4.427226761686913e-09,0.32222222222222224,0.5722222222222222,4.985172661115665,3.060324019283878,0.4971746750557522,1.2529187575971133e-12,0.674308877846024,3.202633882740583e-25,0.5388888888888889,0.7555555555555555,23.143977467071867,12.907690113652457,0.4207605041100804,4.076083323849103e-09,0.48442441639145245,5.572344961603605e-12,0.37777777777777777,0.6333333333333333,0.4412658363224412,0.20500431744820283,0.3675585876882599,3.8593107999296636e-07,0.40673683344136136,1.4633310365590907e-08,0.29444444444444445,0.5277777777777778,2.607399752643564,1.2041011320677606,0.5244549439576585,4.145006368324536e-14,0.4877804870520695,3.784722932642568e-12,0.25,0.5388888888888889,0.2878078511293199,0.13092695972865712,0.3983112989588733,3.0673357158066874e-08,0.3616881179460271,6.079211956946449e-07,0.3,0.5333333333333333
3,0.1887883641592545,0.09621738379770117,0.5016284741837302,7.330481739533591e-13,0.7026513163986543,4.147674760314424e-28,0.4222222222222222,0.6722222222222223,0.6640533835684352,0.43602467769250375,0.4400242845179651,6.383885343921713e-10,0.5562805436381781,5.176946846975447e-16,0.37222222222222223,0.7222222222222222,0.39347194149181175,0.1588668730818067,0.3758882396892386,1.9939231108740544e-07,0.4444334701688324,4.107684972690928e-10,0.2388888888888889,0.4388888888888889,4.898908046471812,3.3184033753965285,0.6075857548748452,1.517977114001942e-19,0.7276788378242127,5.868325371954739e-31,0.5833333333333334,0.7888888888888889,24.411764277258918,13.590548296152479,0.46097804619542554,7.416105697647557e-11,0.515110548679486,1.3788721158666837e-13,0.35,0.6833333333333333,0.3809188461088272,0.22626712855173675,0.23691768317116846,0.0013640402533605235,0.20387872053664208,0.006048182040467253,0.39444444444444443,0.5777777777777777,2.7124178340661365,1.2624388055767748,0.47050442670979264,2.6527532664312134e-11,0.4653332921797998,4.653320511615395e-11,0.28888888888888886,0.5333333333333333,0.3003984516396417,0.1276270264349751,0.453369582255805,1.6481969934801346e-10,0.39055114869800506,5.956458035385585e-08,0.28888888888888886,0.4888888888888889
4,0.191312318744943,0.10537388468583778,0.5535272222036094,7.705698471879682e-16,0.6663086309248227,1.8340461862471014e-24,0.5,0.6944444444444444,0.8123171437185486,0.4737018440761378,0.43230217316240277,1.3611810185819817e-09,0.46357809397409383,5.6192756099449123e-11,0.3111111111111111,0.6055555555555555,0.39638544946356485,0.16667775242953584,0.3502038785682575,1.4410517224860549e-06,0.44067615255614884,5.983388388188796e-10,0.28888888888888886,0.5277777777777778,5.835085431311939,3.651655257531114,0.45897747104678044,9.166466048125087e-11,0.6276592898957787,4.145890499108042e-21,0.48333333333333334,0.7611111111111111,24.179419272150195,14.57075582871737,0.5049161312186875,4.910409356637596e-13,0.6177536343714312,2.5306966738031153e-20,0.4388888888888889,0.6833333333333333,0.519348103552937,0.24731083558645173,0.24757989769935493,0.0008057455546152514,0.220272230624402,0.0029658484155707324,0.2611111111111111,0.4666666666666667,2.8430879228706307,1.3185102527837789,0.43380145340660087,1.1768361171163993e-09,0.45749354403942505,1.0717125418500431e-10,0.26666666666666666,0.5166666666666667,0.3115702221155802,0.12435595459616446,0.5023038651199933,6.753610637596426e-13,0.45512104283054,1.37380097686066e-10,0.25,0.48333333333333334
5,0.16925052170611365,0.10786547203055999,0.5388385130491654,6.0541194591411766e-15,0.608380917106495,1.3225913514123713e-19,0.55,0.7722222222222223,0.9014843567039557,0.4969773569545356,0.42112468099283973,3.939904761109208e-09,0.5202259328991636,7.173759826221355e-14,0.32222222222222224,0.5666666666666667,0.3964050598886225,0.17727024342412315,0.33629386896917324,3.920177533087521e-06,0.3228227208658703,9.876184974780296e-06,0.29444444444444445,0.5055555555555555,8.664578497334757,4.079732063585063,0.5473050412199302,1.8680192388756796e-15,0.6963198452627138,1.958998098029546e-27,0.37222222222222223,0.6388888888888888,24.552142492861154,15.748905891535447,0.4503615785525585,2.2479659085890167e-10,0.5950245377943764,1.2727390304966806e-18,0.49444444444444446,0.7333333333333333,0.6728283705015033,0.2524193830274179,0.4286663354794968,1.931544916944864e-09,0.4196302355010957,4.528273434615735e-09,0.21666666666666667,0.40555555555555556,2.9588790355565493,1.3914140276653015,0.40976789091780785,1.1156202499504697e-08,0.45585151805096863,1.272937931418435e-10,0.2722222222222222,0.5555555555555556,0.31486544833713104,0.12239066246822408,0.49064416924051707,2.7116060526388553e-12,0.44416185684743353,4.221554986732747e-10,0.25555555555555554,0.5055555555555555
6,0.189564675517676,0.11076480926739521,0.5751207544319735,3.077314925666376e-17,0.6509377861456629,4.52630531528392e-23,0.4111111111111111,0.7944444444444444,0.9475194342084619,0.5202063279455497,0.4633976767598938,5.728940275439499e-11,0.5530067800446515,8.303961149949067e-16,0.29444444444444445,0.5833333333333334,0.4829918215552012,0.18441718883477748,0.4545825704956865,1.4530672877167169e-10,0.4403284051976913,6.193913247090058e-10,0.17777777777777778,0.38333333333333336,9.841331437378523,4.414765973952611,0.5304957279812709,1.8683508508505683e-14,0.6988116917188802,1.0685269013085337e-27,0.4,0.6111111111111112,29.500128085965986,17.047776049574914,0.5117171311941155,2.1143341813514115e-13,0.6215747399611099,1.2690991523497705e-20,0.4,0.7,0.6673567400666559,0.2592495806515921,0.4040259431155579,1.8609427518556547e-08,0.41548401699640936,6.638956717127704e-09,0.21666666666666667,0.43333333333333335,3.150985809902265,1.483570606124935,0.4070277254939769,1.4258885413473219e-08,0.4707285204275852,2.5883768978992482e-11,0.2833333333333333,0.5222222222222223,0.3211359177863227,0.12253953652459837,0.49767410996702,1.1802824803832194e-12,0.4220932744837803,3.598739850997081e-09,0.2833333333333333,0.48333333333333334
7,0.2509463456717171,0.11811176737222245,0.5650374852647038,1.4254632238544124e-16,0.6822041832566849,5.41837857462042e-26,0.2833333333333333,0.6888888888888889,0.9514822064502444,0.549795933668505,0.5303945603215859,1.893698984688049e-14,0.6292416432605945,3.0867386346243455e-21,0.35,0.5888888888888889,0.5287851065469517,0.183619930955118,0.5499598771510732,1.2831310496383588e-15,0.5514141382964495,1.0430600614004165e-15,0.24444444444444444,0.3888888888888889,9.376813958509024,4.58048799488724,0.5687223282452426,8.189961892146428e-17,0.6873586633332304,1.64767412998169e-26,0.4444444444444444,0.6555555555555556,32.05887133747753,17.933032340128367,0.43666028791587136,8.899160250765146e-10,0.4615471670936346,6.980514190690518e-11,0.4,0.6333333333333333,0.6356271834006412,0.27917130388894923,0.22875257591619477,0.002010229383531958,0.18689465724250748,0.011999416336795679,0.2611111111111111,0.4722222222222222,3.367643185088338,1.5721896251607468,0.3852337899569391,9.294889215698309e-08,0.42825807380886244,2.008442007782124e-09,0.2611111111111111,0.5555555555555556,0.3309727945560879,0.12045516430051596,0.5229041552197567,5.0730065868514895e-14,0.4366636830354846,8.896193526482614e-10,0.26666666666666666,0.46111111111111114
8,0.2998347797508585,0.12873073562104645,0.5273908903452692,2.8196009532819644e-14,0.6309659763161415,2.2338077003823444e-21,0.24444444444444444,0.6277777777777778,0.9733503239985983,0.5826586400802635,0.506257079023043,4.1649065730354744e-13,0.6196220047943867,1.8079615137800876e-20,0.34444444444444444,0.6277777777777778,0.5384525841088387,0.19100700399890236,0.5397848665441667,5.3171536502492005e-15,0.5369877671121537,7.79446711579099e-15,0.2222222222222222,0.39444444444444443,8.622710179600181,4.59769504106456,0.5870764582311622,4.661853045784428e-18,0.7165817875037295,1.1743782923634148e-29,0.5111111111111111,0.7333333333333333,35.5486834703422,18.7223254075406,0.4375892481334369,8.122098703523272e-10,0.6171075238947704,2.8413203222233075e-20,0.4388888888888889,0.6611111111111111,0.7405356223910148,0.28029034708371514,0.3251621351529246,8.43842451766549e-06,0.25832690309371686,0.00046300529686555997,0.2222222222222222,0.38333333333333336,3.5353476446783487,1.6431648110635422,0.37734842785856415,1.7725549660177411e-07,0.4452215603362244,3.793861173352514e-10,0.25,0.5555555555555556,0.334568566706509,0.1204391806513423,0.5244517823693842,4.146718290682109e-14,0.4407502289165304,5.939445739901555e-10,0.2833333333333333,0.46111111111111114
9,0.29928972804042303,0.13550669299363843,0.5692091930757339,7.607776736151563e-17,0.6879615625996687,1.4311931764147493e-26,0.25,0.6166666666666667,1.0479829173728545,0.6168737987717701,0.5510520273062717,1.0983748485728757e-15,0.6192680844058973,1.9272151543185016e-20,0.37777777777777777,0.6388888888888888,0.5429625548291604,0.1999003454559594,0.47284889843594136,2.0496991137144282e-11,0.4425116001522681,4.981952190253889e-10,0.20555555555555555,0.38333333333333336,9.457830495557035,4.764252729235253,0.6036484410919072,2.986140710641348e-19,0.7815508709116537,2.540149852508584e-38,0.5666666666666667,0.7333333333333333,37.67532634692858,19.46648991072951,0.4371059973562571,8.517759688652413e-10,0.6425198308589771,2.4251338254369684e-22,0.36666666666666664,0.65,0.840966545360533,0.2740633879708971,0.4746623104300224,1.676755877326987e-11,0.46864820930687157,3.2492004304967044e-11,0.18333333333333332,0.37222222222222223,3.6373394903987775,1.7019648815373245,0.34387483676779484,2.285753670763827e-06,0.418578762719014,4.992128723353376e-09,0.25,0.5166666666666667,0.33214815794397984,0.12193395876148183,0.4791015950007975,1.020419374671029e-11,0.41078016811218454,1.0183668315067345e-08,0.26666666666666666,0.4888888888888889
10,0.28441459484935305,0.13763558635966672,0.6061307618430559,1.951312642309552e-19,0.7485807175118573,1.3630392163280366e-33,0.28888888888888886,0.7111111111111111,1.1902234226777697,0.6560585315606781,0.5319747676737683,1.5334639081254172e-14,0.6309042460158236,2.259899805247101e-21,0.36666666666666664,0.6166666666666667,0.574939727673557,0.19839023697649105,0.44906303218221505,2.56784869824959e-10,0.500675946788481,8.226266591544028e-13,0.18888888888888888,0.38333333333333336,10.646492469704038,4.985201729932894,0.5874310490734829,4.4028418349216486e-18,0.7977818245419098,5.787044530639515e-41,0.5166666666666667,0.7166666666666667,36.42719709051982,20.29195891565066,0.5380832021521804,6.712996223492613e-15,0.6897517413088882,9.401094074398989e-27,0.4722222222222222,0.6611111111111111,0.8747396511934937,0.28939340381336576,0.4662544197632912,4.212949162211863e-11,0.41120199183102357,9.802992876380706e-09,0.16666666666666666,0.31666666666666665,3.719602469624307,1.7586093914608392,0.31540157030834365,1.6129395341928984e-05,0.4128090373159665,8.474498968123115e-09,0.25,0.5277777777777778,0.3331393147457547,0.12098180130401559,0.4708780963747318,2.5462540682556452e-11,0.4321944092924679,1.3754558233730983e-09,0.2777777777777778,0.45555555555555555
11,0.25904678991284713,0.1366310458092255,0.5671418565566834,1.0396250054154861e-16,0.6976017778326491,1.435301271951752e-27,0.48333333333333334,0.7888888888888889,1.2830735163867943,0.6865214470128578,0.4317744159570917,1.4324829227678793e-09,0.6338837618445013,1.2863590282417102e-21,0.34444444444444444,0.6222222222222222,0.6429435119493921,0.19834015262645413,0.5484896548976962,1.580439976703359e-15,0.5949916149675402,1.2796965052395598e-18,0.18333333333333332,0.37222222222222223,11.50773502323501,5.228530810628789,0.5978753399820167,7.919448621871298e-19,0.766618311264751,4.400583456860315e-36,0.49444444444444446,0.7333333333333333,35.555564498941614,20.7772672944426,0.606683063539036,1.7741644336847165e-19,0.7062008086669342,1.7060239177745745e-28,0.45555555555555555,0.7,0.8186583543281635,0.30265941854863426,0.43256484550609753,1.3269836853020767e-09,0.4319989300081278,1.4017198129069798e-09,0.19444444444444445,0.35555555555555557,3.849523711368158,1.7913237456549678,0.321504538410581,1.0785512635776472e-05,0.39557393746720576,3.883992160479746e-08,0.25,0.5166666666666667,0.33515567362297904,0.11968015535279632,0.49802013268849066,1.1323779584190365e-12,0.4477710217393541,2.929661945799092e-10,0.2722222222222222,0.46111111111111114
12,0.283555579709013,0.134863514207769,0.563837942847889,1.7047484402342863e-16,0.7325802236694549,1.489833741488924e-31,0.5055555555555555,0.7444444444444445,1.3233895611422664,0.7058517201970582,0.5084304295854117,3.1844578079746734e-13,0.6520880274082533,3.5837566227551377e-23,0.3277777777777778,0.6222222222222222,0.6519403234745066,0.20868462541390972,0.5260855165844899,3.348020688037097e-14,0.5729250902805643,4.316111775554875e-17,0.17222222222222222,0.37777777777777777,10.533305223190634,5.345486765886388,0.6500696342835695,5.394988077432639e-23,0.8160704548494295,3.019836309639971e-44,0.5277777777777778,0.7111111111111111,36.69613479877278,21.119023807492272,0.554079628296174,7.116762569256067e-16,0.6691749745362511,9.875823673325506e-25,0.42777777777777776,0.7055555555555556,0.817678973174218,0.29134923790008005,0.39735334432069935,3.33229360318906e-08,0.3653425517248475,4.586313833477375e-07,0.24444444444444444,0.40555555555555556,4.016336716388237,1.8176748083574892,0.30673885788722294,2.8133451050559105e-05,0.37138800580264825,2.8553285986734875e-07,0.3,0.49444444444444446,0.34612896683358085,0.11842749480411291,0.5155196767587875,1.3091872558564338e-13,0.46758644814140354,3.6468753150253205e-11,0.25555555555555554,0.45555555555555555
13,0.32024282743175336,0.13623655861171977,0.5934589421484773,1.648272956966808e-18,0.7904132843606283,9.795921937306462e-40,0.5111111111111111,0.6944444444444444,1.2894537736206757,0.7135185877343166,0.6042737488081757,2.6835777768211155e-19,0.7308991018241304,2.3923109708626932e-31,0.35,0.6888888888888889,0.6239026687487629,0.21125227188948412,0.500911929422835,7.994892665660258e-13,0.5158595429900099,1.253918910052939e-13,0.16666666666666666,0.35,9.65613679385394,5.309087069045373,0.5983488038426101,7.316046892291521e-19,0.7888329886724897,1.7705764137224668e-39,0.5611111111111111,0.7277777777777777,41.02375442571359,21.55957298660025,0.38385153646783965,1.042134534978659e-07,0.5647355371050546,1.491232264748918e-16,0.4111111111111111,0.6444444444444445,0.9097234975176877,0.2908080595373779,0.48768587246254674,3.8264456427068096e-12,0.4875726617076659,3.876956546704717e-12,0.15,0.3333333333333333,4.190829359726434,1.860794856357447,0.29295339240969237,6.581862365506724e-05,0.34876796608948835,1.601467381904097e-06,0.2833333333333333,0.48333333333333334,0.3526341355751885,0.11833866070945341,0.4848197944509624,5.325253792367295e-12,0.44842742059940116,2.740077796036936e-10,0.2388888888888889,0.4666666666666667
14,0.2973645067298062,0.1394641751697778,0.6189820695191213,2.0291912851780877e-20,0.7912816239184337,7.060664327545655e-40,0.5,0.7111111111111111,1.191894269492178,0.7104757035576769,0.5750911976560452,3.0914127761592534e-17,0.6986244431412492,1.1185650613235646e-27,0.39444444444444443,0.7111111111111111,0.6235461937651355,0.2033197030933411,0.5295058546525233,2.1312705551026592e-14,0.5988209512639279,6.759228039930491e-19,0.17777777777777778,0.35,9.892352722197895,5.162480753293672,0.48478254712695273,5.348069520372619e-12,0.737146208216303,4.0417265120538454e-32,0.6111111111111112,0.7555555555555555,42.804530264961,22.256248949762856,0.34649360310889127,1.8908649321581165e-06,0.5932837433254112,1.6965125935523393e-18,0.46111111111111114,0.6611111111111111,0.8635545795594032,0.30458307170332666,0.39114477515458357,5.6650072246990616e-08,0.3966891982262827,3.528764074444939e-08,0.22777777777777777,0.38333333333333336,4.402261102417035,1.9087948255136824,0.2930113155816255,6.558985131572208e-05,0.358620122020227,7.681133401759647e-07,0.2722222222222222,0.4722222222222222,0.36172565445505783,0.11779450826322907,0.4851136564729353,5.148536369459491e-12,0.4473985822607693,3.0428152035404727e-10,0.2777777777777778,0.42777777777777776
15,0.26843417533104386,0.14001132011468978,0.6173403345658042,2.72531252531673e-20,0.7833245882074548,1.340399825868188e-38,0.5166666666666667,0.7555555555555555,1.2836802706033157,0.7174072902284763,0.47195165492173285,2.262852209769318e-11,0.6689897836352974,1.0280942110050062e-24,0.3611111111111111,0.6333333333333333,0.6494236857665698,0.20020134871417358,0.4831072643941767,6.478531543515836e-12,0.5129458728150046,1.8121251059370745e-13,0.16666666666666666,0.35555555555555557,10.526542890001757,5.1647583849410665,0.5131390188832452,1.7686189103013336e-13,0.7520849408932374,4.6492966250217415e-34,0.5722222222222222,0.7555555555555555,43.57535261936305,22.94257986284541,0.5092209397536809,2.886891886854476e-13,0.7015977859398953,5.385476444064905e-28,0.4388888888888889,0.6722222222222223,0.8462078497820872,0.3059621464221044,0.45256679241037473,1.7910534955520809e-10,0.48104159593403084,8.194872227155657e-12,0.18888888888888888,0.38333333333333336,4.593559250050799,1.93741100061133,0.2799541675750403,0.00014111515049401466,0.31417636346800826,1.7468211092290287e-05,0.29444444444444445,0.4722222222222222,0.36966344860416,0.11766239796423417,0.44345778563460253,4.531132698081347e-10,0.3895017335926006,6.507279254298435e-08,0.2777777777777778,0.43333333333333335
16,0.2735986238861925,0.1364852620974588,0.6055930612941477,2.1403758503251174e-19,0.7872218278341924,3.2206770774311314e-39,0.5388888888888889,0.7166666666666667,1.3805451618439442,0.7427313926219125,0.3582453465325337,7.902439532061576e-07,0.6133152257785733,5.575876329079145e-20,0.3888888888888889,0.6277777777777778,0.6438842214711759,0.204164862300697,0.4604163232699606,7.871821599946296e-11,0.4879286397728325,3.72027811016457e-12,0.21666666666666667,0.35,10.218421897359708,5.311345961408773,0.5829866437537049,8.968424820515165e-18,0.7306809880963404,2.5432536261776803e-31,0.5222222222222223,0.7444444444444445,42.25768189298245,23.20103947446777,0.5904491677765565,2.6989613286681686e-18,0.6862536909575399,2.131093059530282e-26,0.4111111111111111,0.6222222222222222,0.8347696276282093,0.2959273408040039,0.4428226647107825,4.829154675640733e-10,0.46249987139520765,6.306263844173692e-11,0.19444444444444445,0.37777777777777777,4.848582919551324,1.9658300953524686,0.29184286393236636,7.035220269787874e-05,0.30949720670391057,2.3610747365680176e-05,0.26666666666666666,0.48333333333333334,0.3749751081881205,0.11675612630584976,0.44427900995792946,4.172070442777642e-10,0.4103748058067635,1.0562885328905727e-08,0.25,0.4388888888888889
17,0.25220933885768126,0.13852360253794102,0.5077455828658298,3.466227303204353e-13,0.7504285111680401,7.7474823267957e-34,0.5722222222222222,0.7722222222222223,1.457133300149925,0.7857253653107913,0.4127954024129847,8.485003586143839e-09,0.6061771453851456,1.935792085908543e-19,0.3888888888888889,0.6055555555555555,0.6285073667038944,0.20786724272362886,0.4803671468385598,8.845439382742694e-12,0.5567496939205943,4.835941936859203e-16,0.19444444444444445,0.38333333333333336,9.48227450619262,5.320040303558318,0.5999836880634554,5.558923003433619e-19,0.7358210644361451,5.918437782902201e-32,0.5277777777777778,0.7777777777777778,40.956659769524066,22.91097982942221,0.5946263715583302,1.359424371586429e-18,0.6596026626336204,7.601397573999781e-24,0.42777777777777776,0.6611111111111111,0.8905405723725063,0.29398003144404083,0.42476674384978824,2.798539594984711e-09,0.4394538926098542,6.755496076073562e-10,0.16666666666666666,0.3333333333333333,5.177823094443691,1.9804885100671275,0.3166308018226623,1.4884042224092995e-05,0.3723468831342531,2.646216811534266e-07,0.24444444444444444,0.5,0.37980107902052135,0.11755793783517865,0.45097191738493403,2.1112913860467294e-10,0.3869954833996934,8.027766830048724e-08,0.20555555555555555,0.4388888888888889
18,0.26555694838639576,0.14147099728926021,0.57146678583917,5.395976323013967e-17,0.7412101196538987,1.2367606317032932e-32,0.5666666666666667,0.7611111111111111,1.5179139975835192,0.8127562956048217,0.5330023635525796,1.3360602513679836e-14,0.7080856405033077,1.0586702429625706e-28,0.36666666666666664,0.6111111111111112,0.6154354002237253,0.20683260903888273,0.48398206666631427,5.8620013029532616e-12,0.5220840149387327,5.6427015016839915e-14,0.21666666666666667,0.40555555555555556,10.01562593693804,5.315311440449321,0.5791006994137899,1.6559314563270134e-17,0.7415167134788111,1.1300448566539411e-32,0.4722222222222222,0.7222222222222222,41.95877444859778,22.863279089744637,0.43169839733161913,1.4430461432023144e-09,0.636665740712162,7.558610173283592e-22,0.4444444444444444,0.6666666666666666,0.8763946000220292,0.300801902098407,0.3254569987402184,8.271970916747375e-06,0.3322263032809655,5.205702858082941e-06,0.22777777777777777,0.36666666666666664,5.346178880679851,1.9875545302141526,0.30760401684027733,2.663371641297198e-05,0.3761782771073181,1.9479445317783027e-07,0.26666666666666666,0.48333333333333334,0.38896346147308347,0.11719329844514968,0.4169780227419693,5.787411929501911e-09,0.38112904719281454,1.3034831523100172e-07,0.21666666666666667,0.4166666666666667
19,0.25165467802571884,0.14505383293266397,0.5844061014367219,7.153937689167447e-18,0.7153060279638259,1.642194720829747e-29,0.6111111111111112,0.7555555555555555,1.4870380891941966,0.8211259326046709,0.6074087854660049,1.5651651270956815e-19,0.7004845828574956,7.088089195449048e-28,0.35,0.6055555555555555,0.6668504186149267,0.2083620347991964,0.5482669286145776,1.6309868103797907e-15,0.5997283866786012,5.803140008464174e-19,0.17777777777777778,0.3111111111111111,9.584199110654069,5.441028327906328,0.48495397438861987,5.243843787086163e-12,0.6711606325298106,6.405836954779944e-25,0.5277777777777778,0.7611111111111111,45.12445800962762,23.66023812699759,0.3038688899596955,3.369861326610449e-05,0.59625502844738,1.0376598857526878e-18,0.42777777777777776,0.6666666666666666,0.8558674639064547,0.29864418005444543,0.33109816275884585,5.627714348780079e-06,0.3715773120569565,2.8128298515705607e-07,0.23333333333333334,0.42777777777777776,5.492047862697877,2.0160771890330333,0.2734263241241586,0.00020411623619746847,0.34712388242435466,1.8060290729913957e-06,0.2388888888888889,0.45555555555555555,0.3971584903108385,0.11722974600892887,0.4237060602300841,3.092982811340472e-09,0.3574102081339959,8.417700365653349e-07,0.21666666666666667,0.43333333333333335
20,0.27847905733673073,0.14737302961597237,0.6139532220684003,4.9811675498653903e-20,0.7535129685072585,2.9838948632503853e-34,0.5777777777777777,0.7611111111111111,1.4390319438429844,0.8051951279613524,0.5879295187885776,4.062403726227388e-18,0.6543679331666614,2.2492559474334115e-23,0.37222222222222223,0.5722222222222222,0.676217384689547,0.21000205321233334,0.4745563202196235,1.696609062445303e-11,0.5286356574791403,2.3919496946343615e-14,0.16666666666666666,0.37222222222222223,9.459608534576162,5.514285269432084,0.5658015110028007,1.2714511828318606e-16,0.7301953764005061,2.9137815931213954e-31,0.48333333333333334,0.7555555555555555,46.18316598398931,24.457762690960347,0.34263206715649625,2.4995311529209547e-06,0.6264123378293568,5.2247246604556976e-21,0.4444444444444444,0.6833333333333333,0.8646427032222392,0.2992882848551847,0.30474017186248803,3.1908077123802035e-05,0.3414590985318477,2.7186533805402293e-06,0.2111111111111111,0.3611111111111111,5.588568860345808,2.025238400118122,0.25493561192471903,0.0005528756369365511,0.32798748932580224,6.96600159107729e-06,0.2388888888888889,0.46111111111111114,0.40797316384735105,0.11776382313997831,0.4324290675443693,1.3445556232544899e-09,0.3356132390917415,4.111863402352379e-06,0.21666666666666667,0.42777777777777776
