window_idx,wave_bin,std_mean_Pitch(градусы),err_mean_Pitch(градусы),err_mean_det_Pitch(градусы),std_mean_Roll(градусы),err_mean_Roll(градусы),err_mean_det_Roll(градусы),std_mean_Vertical(Метр),err_mean_Vertical(Метр),err_mean_det_Vertical(Метр),std_mean_Velocity.Pitching(°/мин),err_mean_Velocity.Pitching(°/мин),err_mean_det_Velocity.Pitching(°/мин),std_mean_Velocity.Rolling(°/мин),err_mean_Velocity.Rolling(°/мин),err_mean_det_Velocity.Rolling(°/мин),std_mean_Velocity.Vertical(узлы),err_mean_Velocity.Vertical(узлы),err_mean_det_Velocity.Vertical(узлы),std_mean_ROT(°/мин),err_mean_ROT(°/мин),err_mean_det_ROT(°/мин),std_mean_SOG(узлы),err_mean_SOG(узлы),err_mean_det_SOG(узлы),segment
850,light (1.5-4.7 м),0.03358822132166769,0.012013793172522259,0.012612269865789264,0.1243769608184275,0.2583437933759689,0.262630684597969,0.047456834340048736,0.2860480151564241,0.28144687267676594,1.1559953917143027,0.5284336814376116,0.4836655157140702,4.268048143831299,2.333391821038437,2.582180210128403,0.0778472093816572,0.4336358138482108,0.4231922010780334,0.8346376212745131,0.30750177489013686,0.34784486876220716,0.06502174396634568,0.3691332472320556,0.3801665199752807,0
860,light (1.5-4.7 м),0.03367467969810584,0.015451373483557625,0.011326225022735075,0.12893143498587173,0.2819690086659432,0.27963292680349355,0.04820548207287362,0.24753144692828655,0.24584385930383204,1.1961256903120587,0.5590889585645378,0.5015937315741062,4.531480199862227,2.471965958382034,2.241365610461998,0.07985079107552527,0.4149421165267423,0.41016471323449616,0.6720258122199724,0.29849910736083984,0.4025944709777832,0.06344183153206717,0.3869391442459106,0.4224996091049194,0
870,light (1.5-4.7 м),0.03055886285516792,0.014056660602068902,0.01153320177989416,0.13392256935058786,0.29670934010839456,0.2905121781358718,0.043703091009652896,0.15298940776679518,0.15814249566588404,1.1020514217739705,0.6171382610951781,0.552419177035451,4.2572331483997585,3.5552330036417126,3.3108398041730887,0.06684131479932434,0.2558154744234413,0.26602789872195687,0.7490440680250807,0.1512510607604982,0.1631441901092531,0.07169713485737905,0.43452916240997314,0.47121906376190187,0
880,light (1.5-4.7 м),0.03452214510236374,0.018344151490876454,0.018137403395336867,0.13838773277897026,0.2877743176111698,0.2992534219214439,0.04977636233756559,0.12213278866746427,0.12242869797536135,1.240142765946484,0.8441274782081127,0.7719351042528151,4.663410090891437,3.1261614334393024,3.1948251430500028,0.07879602611087762,0.20840650070535244,0.20948076518329084,0.7637473805027927,0.3979037850646975,0.22875410015869163,0.08280844318623626,0.4831864452285767,0.5043702697677612,0
890,light (1.5-4.7 м),0.03277620481108855,0.019154895485960693,0.016398543606247755,0.1416320779260613,0.30413714866647723,0.2973797104836464,0.046329202214176586,0.29966191326497793,0.2990749971312165,1.1549861538239863,0.7696936789578677,0.6850670240498066,4.634573289853893,2.9263061370355605,3.127020361619377,0.07683939794748111,0.5204331432519198,0.5245522231379242,0.7433823708534808,0.26765673507690435,0.2861230169677735,0.06170254848081571,0.49544354759216314,0.5603613027191162,0
900,light (1.5-4.7 м),0.03415030363249681,0.013882442831598221,0.013782001069629938,0.13023464950573688,0.27436186453485484,0.2835793085970878,0.04517011145281491,0.5113051131836057,0.5123689692935824,1.2134521687613185,0.4787428670779229,0.48808449322671893,4.501673698726926,2.9974617138981827,2.706128261286021,0.0738736768933596,0.8482394821567117,0.8498186885004522,0.66011604155746,0.6673516203369141,0.7739737917388916,0.07457931573340203,0.5899346288330078,0.6300622638351441,0
910,light (1.5-4.7 м),0.03549342630897477,0.019033422013077884,0.0198018270077426,0.1405526599070674,0.3049052947329521,0.3025024631189346,0.05155300871086225,0.396858814745605,0.3958091749022007,1.32535045538446,0.8365437171896458,0.9136127968783321,4.592351249612843,2.923636719004631,2.8236155127782823,0.0784149792752635,0.7110562081571816,0.7057454520028232,0.7637822014804467,0.7292588957183838,0.7337817921905517,0.07236631603901254,0.5814381120559692,0.6246295926925659,0
920,light (1.5-4.7 м),0.043804948404659566,0.04796748854853511,0.05153798111998774,0.15686224276326213,0.309026079289341,0.30238100480260854,0.0507897082590546,0.20048186838868856,0.1993110897416234,1.6295777063977563,1.9638174994476323,2.1345954431779868,5.268659953694372,3.4463022207253937,3.3542479043239117,0.0868989061564995,0.3626288647444479,0.35977300184616146,0.9115626443156926,0.998883213748169,0.9013690612213136,0.09650959277782163,0.5275694594116211,0.5558583483428955,0
930,light (1.5-4.7 м),0.03689658730772805,0.024601076824754476,0.020087726550880817,0.1523807583291595,0.2951802469143867,0.300373742664814,0.044344502403781044,0.3270203268407107,0.3245804098502279,1.372508231517047,1.0571220746720313,0.8653532511079789,5.058755723886441,2.0971973298357485,1.91248628967247,0.07180390040157883,0.5061218102886915,0.5048140564310006,0.7035521266112588,0.9796524950866701,0.8612346598510744,0.08427021180890186,0.6398922464920045,0.6668237946105957,0
940,light (1.5-4.7 м),0.035016491730745086,0.021285864339171724,0.021699817665857823,0.145072585492373,0.2975816151490211,0.2978165289750099,0.0478322218924944,0.2914281590704322,0.29620460019004347,1.3103034128551374,0.8505423014048217,0.8917231308202742,4.836657647746036,1.5017290515951158,1.5170638414180755,0.08011699230189359,0.4806794859843254,0.492320095412612,0.6973025276062346,0.6602852264953614,0.6356858650756836,0.07791617304729781,0.6564269480911256,0.6961381850448609,0
950,light (1.5-4.7 м),0.036171608853565226,0.036304191932449485,0.036373319741912186,0.13741565956635085,0.2688291716290474,0.26662874993810654,0.04368990775920527,0.25422323903136257,0.2607267763286114,1.3380053015208242,1.487732193217325,1.5104972555663108,4.984904063417136,2.9147767952511785,2.751316155715847,0.07514105599518803,0.43047576964188516,0.43810174100387994,0.962272224128788,1.166349478729248,1.07459513760376,0.06905365570207804,0.6466262143981935,0.6953896325958253,0
960,light (1.5-4.7 м),0.035854996780885315,0.017021681700746714,0.01980138203554749,0.14746892313731322,0.26482386926145546,0.2707969222399711,0.047763030165192163,0.17759547061289552,0.17735431629145146,1.3172397746264872,0.6681493426863193,0.7759012221419572,4.744082399183691,2.0941891841804265,2.476200492896557,0.07813211045954696,0.3210785938345819,0.31956716304765936,0.8128456347928188,1.0912815713317872,0.9846308373840333,0.09678515552090222,0.7375186321151734,0.7775941964996339,0
970,light (1.5-4.7 м),0.03656360541308036,0.028963459683604913,0.02564959652382135,0.13059636433168376,0.2600952552536964,0.25637138354578015,0.047351573971673486,0.1167572057368517,0.11138270539513825,1.2903540470059158,1.1398803452136754,1.0340954052772522,4.509562486410873,2.5859688423783784,2.176187737245369,0.07765428463121475,0.20232359560552612,0.19638637246986776,1.1199124025687446,0.7439940500549317,0.7427213716796875,0.08582679909395836,0.7539125279884338,0.8195050672988892,0
980,light (1.5-4.7 м),0.032427591758411464,0.02227733922042958,0.02137639858500175,0.13805562331285462,0.25497076965971,0.2511999265114785,0.04376181083673302,0.20164860812425617,0.20115221747606996,1.1905734286557965,0.8846365254933358,0.8186458391549707,4.793807372195483,4.1118754045368675,3.4613615421400548,0.07260522129204183,0.36143609871530163,0.36143553255266697,0.9127865389453286,0.9786003640365599,1.0110422185134886,0.08920661057432568,0.8305926499214173,0.8851914224472047,0
990,light (1.5-4.7 м),0.032316028682285045,0.03641457083416769,0.031216912102830792,0.13301971627712905,0.2331245316181183,0.23715468030309678,0.04834892408897755,0.25841582781140804,0.25737094106589553,1.1766633140249905,1.4150001791724445,1.2579962560394287,4.798866021644889,4.86606144914465,4.824229627909088,0.08327893747185322,0.48656758765135255,0.4880537591772556,1.0117475164367906,1.2312586387664795,0.9783668598205566,0.09502680980030664,0.8535504258102418,0.9104445255226133,0
1850,light (1.5-4.7 м),0.03218199170600865,0.019907902729763092,0.02147181339094043,0.1367720955077998,0.16404489453379512,0.16905443804969789,0.053007753184182514,0.2097671281703472,0.20850703866860867,1.1018882925725078,0.385529479239279,0.3657280239059284,4.639676150915685,4.9905806073857075,4.833326583908272,0.08730600301328559,0.3643698230522424,0.36240910316321256,0.6747657945763571,2.639103307284546,2.52988637880249,0.06532403912154951,0.14011433790588387,0.14272230337524422,1
1860,light (1.5-4.7 м),0.03143308548640918,0.021275776248802242,0.02036452050965428,0.13255432319768995,0.18859546704967617,0.19288915022094844,0.04842270338599698,0.22567356307762862,0.23073096269942522,1.1742649535809224,0.5351489555413543,0.3651943182508945,4.3245526869409385,5.528370026245308,5.546137530847979,0.0772664832890009,0.4331170681999713,0.4446585422905601,0.5593848788575757,3.3487039548553468,3.1441106778778076,0.06547207313035254,0.14273502652435305,0.14689571683197022,1
1870,light (1.5-4.7 м),0.029316616543245428,0.022740315543784945,0.02230943172844499,0.13346522146588874,0.18968845104925633,0.2001711391229153,0.05251447241797821,0.2718255503654361,0.27745010951458215,1.033396781474977,0.42633174740285734,0.40846104254298216,4.441500652947349,6.780747246439087,7.144951714830922,0.0848782313393674,0.5139170701848752,0.5275114568998516,0.6895462945897649,3.0892653465270996,3.0827258110046385,0.05936148043966118,0.12402108900604251,0.1139532922988892,1
1880,light (1.5-4.7 м),0.02877737021740338,0.020767048318122327,0.021433922895413637,0.13110483879414758,0.3059137196130991,0.3087066562020063,0.05011762009516454,0.1889529056583643,0.18745611102479698,1.0367319005410136,0.2671579936742544,0.33380609936673633,4.440709614176896,8.477337869256782,8.722281213849831,0.08326426858322351,0.3215223286998331,0.3162246688733682,0.613645110158193,2.8358544017028806,3.0272763396453852,0.06716475444986585,0.10308036346588137,0.0779989673629761,1
1890,light (1.5-4.7 м),0.0301858657394999,0.020943745433141286,0.022504264536644884,0.11628612675648883,0.21912238249011037,0.21995510371384625,0.04548330258736563,0.231870484651351,0.2341442766797781,1.1007345980613124,0.42096594553204775,0.42082904739713084,3.9402233917181313,4.9934907686447625,4.883915988031578,0.07174699980474741,0.4216085464376122,0.4243457780367792,0.7214680798804557,2.210955317132568,2.219029982202148,0.05786260590453705,0.05139676017150876,0.03893690889739991,1
1900,light (1.5-4.7 м),0.02763564851236247,0.018978471672303977,0.021726259225618844,0.11349466130444366,0.1809779111869812,0.19755819988524917,0.045039070498612783,0.23982232361593242,0.23909284285762306,1.0659512152213169,0.45758671297681924,0.4130589617129565,3.8679622881366584,5.721682852443886,5.9362269639341365,0.0719382899645927,0.4120744350078203,0.4151001824589491,0.5267940897881824,2.263299156488037,2.1267472041259765,0.06310596207072887,0.026636128671264726,0.035371349705505484,1
1910,light (1.5-4.7 м),0.031076004069294283,0.024233436576598884,0.023858700521798434,0.12425111703221361,0.2024116490063667,0.20966170467710493,0.04342216039104893,0.19783667614279984,0.1979018584784746,1.0968982225580408,0.41296302497996534,0.38892807555472547,4.197175411820989,7.689576484284961,7.855101667552853,0.07366703711726633,0.3185518141826123,0.3178694499995999,0.7228995785950596,1.4950312684539795,1.6084147523406984,0.06701496492075383,0.061480606378173874,0.09318317252502446,1
1920,light (1.5-4.7 м),0.029556387636718064,0.023412652730288357,0.022215850538153576,0.11824399423467644,0.21034302242393493,0.20685195680885315,0.044752543503355696,0.21093671590337756,0.2111642875547171,1.0647634921299387,0.4481312249292791,0.414561285411495,4.048439028740764,7.529462641535817,7.849386752135276,0.07413336761967905,0.3610907899092026,0.36105470897672515,0.5360713932977713,0.949801844833374,1.1890380089263917,0.07312296475050403,0.07947287685852059,0.131006075215149,1
1930,light (1.5-4.7 м),0.02562917500006463,0.021087182334402203,0.02156323037164472,0.11989872709196554,0.19649902181072235,0.20006877527875896,0.0464357372302915,0.19419048654404875,0.1997387012701988,0.9543326728549129,0.45790065363547805,0.38368817382702086,4.15958801401366,7.889949206560516,7.883989022206784,0.07624567470657855,0.3668312804083348,0.3682966623347261,0.6638784711750764,0.9916592055236816,1.1413691931640624,0.06220502499829916,0.14203706045227055,0.17100870866851808,1
1940,light (1.5-4.7 м),0.030686708334731277,0.020119542455758154,0.02123819444466382,0.12815080729301814,0.174285191320324,0.1752233818401337,0.0400961799323021,0.15007190205931664,0.15192551486968994,1.0974613360190817,0.5096007288840085,0.46123696129357217,4.282691172663334,6.058927787734413,6.0698850123851775,0.06418660289080562,0.27319452512609804,0.2740762137255728,0.6141392177192362,0.9080819765380859,1.0155650297454835,0.05602723987456509,0.13140325641632078,0.16770472621917723,1
1950,light (1.5-4.7 м),0.028850640625218422,0.02139522012006342,0.02159742133752964,0.12276407806197667,0.15756940003175735,0.16263210632743835,0.040688156396979154,0.10948145432134868,0.10775576611717941,1.03035175662909,0.6341774654150962,0.5545330808395683,3.949869546366249,6.395732769077778,6.535993601089477,0.06346237371710571,0.215874982397525,0.21417035188571215,0.7676654026216297,0.8230730478790284,0.9120083277252198,0.07217533909577747,0.1531232093353271,0.17569262728881832,1
1960,light (1.5-4.7 м),0.02728641039454251,0.01655560976765193,0.01878871330051683,0.11511847349198925,0.10828806109580993,0.11291351581077573,0.03912125680375174,0.14533548495941162,0.1474788147138834,1.0120402405050748,0.38177211487921475,0.45177604552197453,4.005098379169124,4.898050583650781,4.660637677957726,0.06432061483468493,0.3247185544825494,0.3284429350418373,0.5254299882373556,0.28429464990844727,0.3543437988067627,0.060640045481389813,0.15818885212402342,0.19505632763366698,1
1970,light (1.5-4.7 м),0.02818330277967852,0.021678595713234695,0.020597359985390307,0.12382075492766016,0.09743634797868729,0.10561058647584916,0.04215407312464872,0.15159538985528948,0.1515108484897852,1.0370793148596444,0.6300122817393303,0.5415083286787749,4.221647491343227,3.7842934405396464,3.944030897570992,0.06964845650259326,0.3597787603914038,0.3634127018743892,0.618505216746808,0.3114791190277099,0.30368416057434083,0.06434521386694762,0.18541716721649165,0.20652901318664546,1
1980,light (1.5-4.7 м),0.02714204815740821,0.022554100247811158,0.022025769329033048,0.12156327463296498,0.10632223628702164,0.10272304964780807,0.03939322292180952,0.11902209060025215,0.11602251208969354,1.0381853109657624,0.622366693570985,0.6623144485944175,4.23985041778301,3.232303092621565,3.4391929908724785,0.06436433949992351,0.2707227766333834,0.26825940032086676,0.6355993899742677,0.6202966145996094,0.5621802739624024,0.06538310477854527,0.18373246424102785,0.21016724340820314,1
1990,light (1.5-4.7 м),0.03135841466090666,0.025033113413631913,0.025754046855379263,0.12548868044457112,0.11529535832424165,0.11104273246526719,0.037074487443021505,0.08050467255731822,0.08260460454245806,1.1051593107557927,0.7364195844345093,0.7756426373683214,4.24978889667668,4.60769168942051,4.308518671778775,0.06197636770075275,0.16304443638715144,0.16393636886276824,0.723716004430101,2.264378088632202,2.214507073083496,0.06005744876983556,0.11956367885894781,0.16596789753265387,1
2850,light (1.5-4.7 м),0.033020173805825066,0.022130666469437628,0.023179083510387312,0.1211834907792648,0.13883872935061456,0.13235761755590442,0.0419760257217562,0.15127622454431058,0.14790111470040085,1.2286284300097599,0.49915465224182604,0.6092306529024719,4.081018692849694,4.681357085627484,4.580472176148557,0.07351295099085088,0.35221207480779404,0.34089073984657825,0.739499318785338,1.7273470401763915,1.6679320335388184,0.06080287588291333,0.04468310965881348,0.0654095281539917,2
2860,light (1.5-4.7 м),0.02989340265096372,0.021513698004844043,0.021153425337539243,0.11169547221300447,0.08524351519813539,0.09310128209223748,0.04101061467415684,0.1329502218948126,0.13145605359084608,1.0751727373773128,0.5807025118618487,0.4966920447165191,3.793193142495393,3.5426541170994996,4.031804672535515,0.06787478681515124,0.3079672291531489,0.30368220296281206,0.6210303624912219,1.5300678730010986,1.523315668106079,0.0697173322351875,0.06981584332885746,0.09250804685058597,2
2870,light (1.5-4.7 м),0.030018150434503805,0.02114850777390525,0.020808509701891992,0.11919926466216975,0.095088031180048,0.10394019190206527,0.0443657548184431,0.07011099766942261,0.06739925678821801,1.1069210582363609,0.5302744809060812,0.5310488152771711,4.338581454030508,3.9542453109896663,4.107338954476167,0.07265604473263844,0.13309597514327912,0.13267593174722825,0.5916845866662818,1.2950257778167724,1.43491849899292,0.0625425259529191,0.07814023638153081,0.10514142656707767,2
2880,light (1.5-4.7 м),0.02794498473619018,0.019587226931963117,0.020252351834351943,0.10884354574553749,0.09249188734035492,0.0786111494694233,0.04338367916801255,0.09907974455947875,0.09175566311626435,0.9983960231593534,0.4494826360753774,0.49157149240255354,3.9906847389854674,3.04987456309725,2.970907566837263,0.07238913576062547,0.18356195035532713,0.17058579993110748,0.6688533640046918,1.4036118984222412,1.396989107131958,0.05219155345025478,0.08846331916046149,0.11916679225158697,2
2890,light (1.5-4.7 м),0.029229433634776446,0.020948729507065937,0.018836361281382663,0.12596082395576355,0.08909107987246515,0.0873005366065979,0.04595318322929359,0.1011981446527481,0.10016536528697013,1.1048045120417125,0.6356680941551923,0.42564568045848006,4.658347157140428,3.176685015043545,3.2395621908227925,0.07443591927870566,0.17799282905855923,0.17485120048257374,0.8028348857137738,1.410793399810791,1.2627405643463134,0.06719261876681114,0.11614773405609129,0.1330192817550659,2
2900,light (1.5-4.7 м),0.029284855533909627,0.019557380019159246,0.018845471877249702,0.11462334533108387,0.08868222080388069,0.08783628617496492,0.04241553393079866,0.07577565028992891,0.077214071673429,1.0583988485594176,0.4212903050501584,0.44524377326412196,4.044831716211791,3.4946615798577314,3.592778676579857,0.07096167907394926,0.14439420403468833,0.1466420370179549,0.607512290003807,1.255877637863159,1.1782743453979492,0.0718217475327348,0.10976980700836184,0.14317666068420412,2
2910,light (1.5-4.7 м),0.03110204781612328,0.01884174684193805,0.017755443562176076,0.12333476186856603,0.11255281794209482,0.11023122654795647,0.044262314014962036,0.054298577940416336,0.054137614852142336,1.1474451114326736,0.4274007835176617,0.40766239298813345,4.2594037025345886,4.413013455563736,4.333150657746601,0.07560705109413238,0.12624088534080607,0.12465888494904712,0.7125758680598434,1.2625058174133301,1.0887271881103515,0.06204132878055045,0.12328302986297612,0.1627374661651612,2
2920,light (1.5-4.7 м),0.02948339406934891,0.017885016926770657,0.020152667079047486,0.1265608726924869,0.0543044323094368,0.056314792631816865,0.043025956067128404,0.058502735532331464,0.05790024777582884,1.0930524779595219,0.5029668626150787,0.5557028562602043,4.336509230567905,2.2640538458905577,2.4225644240723727,0.07159814166644016,0.13307558531612085,0.13106768843224198,0.569862057603189,1.162276268005371,1.0739032745361328,0.061192060355239296,0.14126797270507813,0.17448015761108399,2
2930,light (1.5-4.7 м),0.029260354067378806,0.019138151607184482,0.021096345987225325,0.11914056608229609,0.08478924018702508,0.07978032920827868,0.043573385877243034,0.08185646295381785,0.0771611277369976,1.1139839421595001,0.49928436383843433,0.6010466560744241,4.2518813813156155,3.173018838957691,3.0605941400743966,0.07327906058003754,0.13512246771848202,0.1302384438858241,0.7216898906261602,1.0948661804199218,1.0250975608825683,0.06243058902959338,0.14801790993194572,0.19304127972106927,2
2940,light (1.5-4.7 м),0.03236412590501357,0.01785527576289065,0.019300273573751,0.14112286285426237,0.07143054432187082,0.06693282101893427,0.043510621622099996,0.0803138382988572,0.07787457078039646,1.1550963489494985,0.5413575512781448,0.5301165756033659,4.830025826549337,3.0518084128771545,2.820275207740498,0.0716057862903628,0.15271954288837614,0.1529122497833617,0.7384742528076992,0.8952608108520508,0.9047994136810302,0.06031409359450318,0.18762485998229975,0.21548523920135493,2
2950,light (1.5-4.7 м),0.03223404269223872,0.0200435949071832,0.018794833696837356,0.12654273435719327,0.04339052311801911,0.058137654245948786,0.0448115495087874,0.08544730950809717,0.08443689675880671,1.2435937389928307,0.534634167566082,0.5234583260542871,4.470800128806027,1.9585369730895041,2.3339146528515817,0.07168188741651735,0.16663998724987655,0.16763220006645768,0.6639770407538471,0.9881258487701416,0.9060624599456787,0.06136815516257941,0.19735451799316403,0.22691777807159422,2
2960,light (1.5-4.7 м),0.029601959324501926,0.018655741050889713,0.01823741874470003,0.13960727991090596,0.0583819761783123,0.0630329158399582,0.04279221146484942,0.10384781718071698,0.10030727023658752,1.082436856738048,0.41643495828473276,0.4816529332754492,5.0854780832393285,2.142294548758727,2.286829417949343,0.07024093058193152,0.15718811283827275,0.1618135259550661,0.739421256687806,1.0294212917480468,1.034844360748291,0.0815210480213134,0.23463440658111567,0.24693346740264888,2
2970,light (1.5-4.7 м),0.03252367052152249,0.027156408496730032,0.023471644606970255,0.13040195054783732,0.08904872216086387,0.09288222843227387,0.046783825982824004,0.14135104093089104,0.13775321069493293,1.2027431321489934,0.8389625120548247,0.7154081771588088,4.592382459559943,3.074528524098897,3.0342423696246503,0.07766826033860466,0.26665888811064137,0.26311073852912037,0.7980425651211157,2.107446356225586,1.9967137531524657,0.08146872190439178,0.2852372510543823,0.29300733638916016,2
2980,light (1.5-4.7 м),0.03784812379354553,0.025932728812954574,0.026352092247916757,0.1473505697788467,0.05613600211863519,0.05093901751880645,0.048065566361590324,0.15310991926497222,0.14649347195780277,1.4120697184330182,0.8526956917547703,0.8799492743281008,5.293494810421868,1.9260959560310362,2.0319986223852515,0.08003494805424458,0.3055057453689486,0.2933250099536352,0.9045403252064803,3.1320588825988773,3.2952789067077637,0.07575156002973495,0.24923031697463993,0.2636107243080139,2
2990,light (1.5-4.7 м),0.03461134162648428,0.019839945796659965,0.017727742382618414,0.13306405500933552,0.07154128164496422,0.05672679790177345,0.04538892200003283,0.1467892494113922,0.14640280642228126,1.261974135681592,0.5718447462106465,0.4861475816909909,5.013752566945173,2.5214618262273847,2.0905881352364184,0.07482072098675421,0.3058178366001367,0.3033230542161174,0.8796759259731719,2.3591985404144284,2.2920643031249996,0.08172579259737263,0.22935028673400878,0.2511169374107361,2
3850,light (1.5-4.7 м),0.04350338146879031,0.04433208845283352,0.0438819052324187,0.2537943161824772,0.29823843117805715,0.29346527818844315,0.07971450044756327,0.2141107986783028,0.2073908568461776,1.6627112493013656,2.0257008040496354,1.8858940572728158,9.455482618458268,12.234975151200295,12.16543538015213,0.12974988947541202,0.4450346066512346,0.4363894075034976,1.0494885566798828,2.909414522424316,3.0962226317077635,0.08629383868512908,0.0696764650482177,0.0700125983551025,3
3860,light (1.5-4.7 м),0.04435448130979198,0.04576681940305344,0.04343775957262068,0.2470856118617673,0.5186881390729546,0.5100412899957597,0.08743792957710178,0.18729306523516182,0.18120632030829192,1.692054993177307,1.8651394623706103,1.618268076123881,9.526531948983996,23.430248306641,22.467493937858958,0.13848479672455044,0.36660049267470535,0.3544712985488057,1.1918850850467493,3.4422247319824217,3.3599311261779783,0.08659421569274829,0.0658746231826783,0.08186371219482429,3
3870,light (1.5-4.7 м),0.04336228415525229,0.051243105079771575,0.05188872277809083,0.2197475954629573,0.46503810525011413,0.4662348226993679,0.07625955443294744,0.25953609681079387,0.2595083959336758,1.6389420646098365,1.8980917656546594,1.8541970719515803,8.306481444027522,16.391158651215363,15.75120470708103,0.12224792790884813,0.4860561336754077,0.4785396536011436,1.258587692683569,2.6955540785949705,2.537902275701904,0.07217032612582606,0.11237655752563472,0.12480059736633295,3
3880,light (1.5-4.7 м),0.04360829602593618,0.03764635217382311,0.04106125892146229,0.21007991243209348,0.30485993188008664,0.308393784915936,0.07471443490076184,0.24345995701504947,0.2380798508564949,1.5708667434198254,1.533407846894169,1.5936766122095825,7.916271320059309,13.133624109480667,13.286611982289838,0.12492986427837383,0.5486830958818734,0.5375851146948241,1.4595024256,1.5267949287200928,1.3863742534423829,0.06974517313886745,0.03686010437774669,0.024638917514038194,3
3890,light (1.5-4.7 м),0.039487584781267196,0.0370683632137224,0.03667289910405054,0.1778718581949438,0.40988959581313134,0.4196695086984098,0.07073944729659133,0.2697670586829424,0.26509546231975556,1.4832315857009006,1.344903236691332,1.3446075194221498,6.948051131150739,17.556035360825923,17.62756583107796,0.11803527681055062,0.5395021640416375,0.5325110334274499,1.272443358462508,4.760870298517037,5.2235946071866035,0.05260954035211799,0.02875343775634769,0.0153713425872803,3
3900,light (1.5-4.7 м),0.041579006005318754,0.04487343758608121,0.036208479791586104,0.1920126744079791,0.5870934293157994,0.5645124027989448,0.07873240219985736,0.2672098349123239,0.26282384333153963,1.567570373567047,1.5869973903429033,1.2982295518648148,7.0912272345514,29.69185228365173,28.981323171022137,0.1312532121469818,0.5040098372563466,0.49730024039239884,0.9861390389994297,7.326514381945705,7.141956546187973,0.07342371605397358,0.05648939068603522,0.0658997720031739,3
3910,light (1.5-4.7 м),0.0411144628453062,0.03432019654446393,0.029450561338466408,0.19951671587361647,0.6373012034872949,0.6482138958478749,0.08053640596457401,0.15013166780399084,0.14365762716906072,1.5242314386890976,1.2008507543496374,1.1454345205120329,6.944164853066634,29.78863477968817,30.549922261863998,0.13721023399387483,0.3051670370459884,0.29685174470179265,0.919256718843475,8.034771840299129,8.167097647512913,0.06455264558980046,0.12051835969696056,0.1256460996032716,3
3920,light (1.5-4.7 м),0.03895083844422918,0.02685163320048526,0.028673023121718693,0.18295689476992882,0.6089844106012405,0.6111252003596546,0.0733621432457619,0.15306410470579862,0.1543842601611018,1.4573953640533364,0.996415529790473,0.895463649887365,6.212570112821927,26.423827919821928,26.49635625825424,0.12366480049476081,0.3609829120765887,0.35639562269993874,0.854659459816045,7.9423345164279935,7.838230380497455,0.05757885880143256,0.14779841885223402,0.14864289745941175,3
3930,light (1.5-4.7 м),0.04242281260435121,0.024740814171680812,0.02775448358007297,0.17943875754512434,0.33136925749139784,0.32405240326778884,0.08268205825834431,0.29736299302980906,0.289472070826149,1.6353213292000546,0.7726836321886064,0.9053169226284506,6.314031796300052,15.221848304406356,15.053367401496123,0.14181745550539082,0.6464058808662236,0.6296770711924189,0.8312139179035263,7.412686019691468,7.3052189569201476,0.06966394334585577,0.18383613915405275,0.17640799374542238,3
3940,light (1.5-4.7 м),0.04556769914353369,0.02066184923856482,0.02051315318904109,0.16985730536116814,0.40848800607094765,0.4250065873570204,0.07967865810206212,0.3064332864654541,0.30018202204157113,1.6756160232705504,0.7883076900926351,0.8548749051409722,5.867013241329264,19.35429568648449,19.9105685588356,0.13809329623458153,0.6591060237322927,0.6565890068483531,0.8019837805204666,7.4482416981534,7.903908352710391,0.05636548388396486,0.1987943277954102,0.20778635603179935,3
3950,light (1.5-4.7 м),0.04005118418861049,0.02311601972505003,0.022207242659707735,0.20767450469949492,0.3935725949508309,0.38920951912078855,0.09899628549273785,0.4059915293377399,0.41964855570313925,1.6232846268373287,0.835133370317602,0.8034035340493441,7.3127428043515055,17.889896798676396,17.473146620935346,0.16931302763183362,0.8390022509293555,0.8586021245485098,0.9304836281459175,6.137112269428635,6.280439298478031,0.06523045297774269,0.26428700759735124,0.24984632804718038,3
3960,light (1.5-4.7 м),0.04602598476734203,0.03127825496865548,0.035855596272056915,0.19176206876918872,0.46847406662306784,0.44293904210678336,0.09722855745698199,0.40290857193213697,0.408322927105844,1.6994115765851892,1.0388187330863,1.1873448517820355,7.038213088156823,22.052604406500148,21.354421063685702,0.1709334092800306,0.742615862900886,0.7501925863442303,1.0282159456395559,4.482545034098053,4.950441994350243,0.09554365003969456,0.14253298930511465,0.14481224707946766,3
3970,light (1.5-4.7 м),0.05662548851781336,0.028476448970441527,0.02189080088214688,0.25900569242992666,0.2583135840058804,0.2659694705399871,0.11321212005224016,0.23565341482241156,0.2412565263577223,2.0666176168524357,1.2374024594755888,1.0853917424394965,9.960180269724258,11.868603543024063,12.410177323799134,0.18857134429188885,0.5053001352541805,0.5152876131192505,1.608561137456317,2.7756869680363656,2.9599788702208523,0.0910697917217461,0.13095353318481456,0.1366122377166749,3
3980,light (1.5-4.7 м),0.0570779710005996,0.03265401867260635,0.02578113058815449,0.20265202829972417,0.6042446890746117,0.6002902098831594,0.10098775173442306,0.32257271708953383,0.32682359406757355,2.1606349851954714,1.2696138564837456,1.1202168210051537,7.580401214823718,16.3599983687438,15.758140295498754,0.1790964360961401,0.6531184781548739,0.6599680263755083,1.262777976834036,2.6419674025422095,2.8064166293984414,0.11177500825631599,0.13606447403259275,0.12962498152770996,3
3990,rough (4.7-7 м),0.060425004965824515,0.02438037540661581,0.025996224205152692,0.2384656460103202,0.6382315707646609,0.6453968730362475,0.0978008137636758,0.29573305329675675,0.2950362206100941,2.2336780001399053,1.0263353903846026,1.0096851799201247,8.566487219106978,16.89460781627903,17.221648761361312,0.17011385924272482,0.6589684491983324,0.6545995838480712,1.3868669122094348,2.0805082543248177,2.043451447641277,0.10426085928135094,0.11486718462219234,0.11454930113067623,3
4850,rough (4.7-7 м),0.04762791838390114,0.04406011011749356,0.042792843173310155,0.25702636782794663,0.591325435562563,0.5946809402332545,0.1204985156165023,0.19478402301034925,0.21022494569575784,1.7637206395834906,1.6134934699003698,1.5976772810245512,9.314821915802094,27.193022982015606,27.605224750688173,0.20669480674715138,0.28992632356920234,0.322011979317522,1.0568301653958252,6.446622538188552,6.221921449521637,0.07036124433378294,0.19384653767852783,0.18637011250762942,4
4860,rough (4.7-7 м),0.04540437107112735,0.06097537752155067,0.05991968804482968,0.24190508298980423,0.7444241346783818,0.7489462351418913,0.1113089294211298,0.38397163436863424,0.37035143063519005,1.6917035143247081,1.8627426243659495,1.8525028940898896,8.943990917741788,37.54129425436673,36.987553239617924,0.18645249820936577,0.7602119497717321,0.7293396488991528,1.0788915218921684,6.45216847012949,6.742395835623265,0.05647571527746711,0.1788527736862183,0.17723162271575932,4
4870,rough (4.7-7 м),0.04760444374539851,0.04017806172969714,0.03288160408896804,0.2337367017637458,0.7255553474445046,0.727805138640964,0.13113906640666298,0.409129828848958,0.4068981117392778,1.890123319006061,1.4327675661295889,1.2941628192682504,8.893091490718081,31.91663627817649,31.883858850960728,0.2274852903548973,0.5863896105853079,0.5798689596619366,0.9717261381959993,6.185334856536007,6.329895996030187,0.07766301331881897,0.18812280558166514,0.17734640501556406,4
4880,rough (4.7-7 м),0.055835687184768536,0.05266755883032233,0.05389809636082277,0.30209325118583025,0.8955780692947389,0.8902303960723164,0.13934615341410095,0.3009538285147905,0.30221256461856366,2.001951209475519,1.8011014138382193,1.8408075815421578,10.840083746360614,23.170940437957576,23.439729145213892,0.23786224053274144,0.3409341054491937,0.33933328189777734,1.3348376931220456,3.835351129334259,3.7416734893730164,0.07214174200916858,0.22149516697082525,0.21518484707031255,4
4890,rough (4.7-7 м),0.04159147206899644,0.04822879088204224,0.04869334719877094,0.23587614457062261,1.0208875717853787,1.0268840285666347,0.1124833944001948,0.5007179208617568,0.5127364023175002,1.5282205835889333,1.691062258339286,1.717207565430351,8.489994901575454,31.32570159979182,31.464245856031948,0.19858755653575938,0.7126121516355098,0.7332568487400906,1.107740978905968,4.669283812209033,4.58890675650444,0.058476414238994766,0.1791522207626342,0.17993947891082757,4
4900,rough (4.7-7 м),0.05039421709795293,0.07526644239614644,0.06599585831927061,0.27879065037192513,1.1868576241515338,1.206064502367419,0.12518442899891355,0.5266977591289879,0.5447746123968363,1.912619523807755,2.3693804094664097,2.119795590121412,9.683000078276182,47.04517409694194,48.32312860679626,0.2174988857486515,0.8991404771746158,0.9296465136052131,1.1471990473958769,4.35218562419529,3.911900354279232,0.07505512169407817,0.12424432577972407,0.132973163746643,4
4910,rough (4.7-7 м),0.04721115067395225,0.07684182773711495,0.07210601810849607,0.23206460644760946,0.9868977154078244,0.9747143856654226,0.10609584000510394,0.34065382558388707,0.36520739350004194,1.8047572964510938,2.5343625968968633,2.4298676657205585,8.034316999508626,36.68920716622276,36.157041490239926,0.19011399803323237,0.5120469574695434,0.5631524487943768,1.0357462758553664,1.2694725526803017,1.300377493091965,0.0704231683075258,0.1471688868942261,0.15061961435699467,4
4920,rough (4.7-7 м),0.042837224634013835,0.08088954670923351,0.0832131352751568,0.2359086007397205,0.7325593153279482,0.7731081195091722,0.12836566212608594,0.24247771218869688,0.2132583709106207,1.5554256707303216,2.9163310765845294,2.967886369440508,8.506212510420587,23.704407935359004,24.89450161061478,0.21944639279519831,0.3231138599873543,0.28412182566942873,0.8103779318599182,1.8134735202622416,1.9593175506424907,0.05461780480411481,0.11433285095062247,0.1253868899520873,4
4930,rough (4.7-7 м),0.04853713768777866,0.0706778591812268,0.06466275603386164,0.224421286879757,0.4989221580868722,0.5151238614594461,0.10690099642161455,0.4273447444520354,0.41573520804265734,1.6872444515614826,2.509599977334285,2.3127777265485134,7.749933627641613,18.280294316348648,18.828383759561156,0.18877742386609098,0.6283261276971221,0.6025486691113234,0.6773074675518348,2.9499217662937163,2.8963741186983105,0.05658940550633346,0.08919638437347407,0.08649197858886715,4
4940,rough (4.7-7 м),0.0512748276231869,0.0626691591120217,0.06370037588140368,0.24064496579983144,0.315526220788455,0.31237776338050366,0.12198262815452263,0.38408573532341717,0.37773332839696405,1.8176845155707284,2.510874059054321,2.57663373323462,7.883576049228625,12.608764133422278,12.398122951953315,0.21645874787912395,0.6307583807399273,0.6240962833529115,0.9449857566175955,3.1330244507080076,3.3141342128997806,0.05221322084537049,0.06979662258911143,0.06396941025543224,4
4950,rough (4.7-7 м),0.053144796510731264,0.08539334436253757,0.07967009368775525,0.24140070748567286,0.6053087253027916,0.5591065502629935,0.12158324390973099,0.4443068128843427,0.454098796734643,1.9488375985649768,2.91123338290062,2.7261940007288024,8.413906934842533,15.95935473300581,14.906014069989965,0.21030638992293235,0.7492930143260181,0.7596702251121187,0.7030566028563331,2.9151464685718533,2.889374814919662,0.057581156307195146,0.042058855351257265,0.05350484537200919,4
4960,rough (4.7-7 м),0.06727045280318009,0.06592159097085967,0.06461692443452588,0.3074945908143637,0.6031703843785584,0.6104257389149188,0.13901009157715388,0.37664133726136684,0.3978144027896404,2.4195864311571116,2.5692036747639655,2.4918826505249023,10.65374522826893,24.77485730689955,25.298279308140565,0.2315415260773941,0.7247115552546501,0.7667373176785232,0.7833504306368726,1.8567007617835998,1.7657533781414032,0.05659445359618294,0.03613252560882567,0.037361515977477965,4
4970,rough (4.7-7 м),0.06058907097745604,0.09198725162370355,0.09440475849258453,0.3081269644651972,0.7935629760128677,0.817934935468179,0.16546108917291483,0.39719031293463714,0.4213917410798073,2.181288210886162,2.926409138945675,3.0308493839779853,10.24358031503424,29.82956217208538,30.769185742155052,0.2784157717283666,0.6275523817507982,0.6768022979284443,0.8877051092418071,2.090250041911316,1.9291316775772096,0.06770820861127051,0.05904042206726081,0.06314794297027597,4
4980,rough (4.7-7 м),0.06165467623532052,0.06727731327554434,0.073634187382479,0.26171488553829303,1.5114656728773235,1.543391666103792,0.1559405881542868,0.25191316766932015,0.26088448123005625,2.193033579001427,2.3300766324838635,2.5230450778465268,8.842075613996613,54.68633070112077,55.87645703674165,0.26743334377950967,0.339766374951756,0.3831285152482688,0.9174212272206651,1.9307309665649413,2.074693874356079,0.05592322707598272,0.05342242374115007,0.04704453601531999,4
4990,rough (4.7-7 м),0.0663386520698302,0.07957327651577444,0.08820610570972898,0.33020299845868617,1.6978487828179776,1.6680934509627103,0.15007168836027057,0.2560198050977826,0.2534603109801293,2.3377657877489937,2.173314859824944,2.2715762955295444,10.8512300313641,59.23943530000677,58.90840912885894,0.2444196442975744,0.39204635606917143,0.39366278141575456,0.9766351084426607,1.8768487074874876,2.097894225408935,0.06304789416687258,0.054574748687744146,0.05598427067565921,4
5850,severe (>7 м),0.23453646858406735,0.3122833494922042,0.3306583142733097,1.0757986283595349,1.310120408810854,1.3207735737936497,0.29097989296076043,0.7575779312671184,0.7800982256800889,9.134466110714339,10.152168723563005,10.454302607152748,33.1548600819324,36.054957902018735,36.459819882695385,0.43116009387779475,0.9914477776183604,1.0106611886440633,1.8191679161990204,10.689230551806642,10.08838073262329,0.1385993547807567,0.5823908444641114,0.6642359849212647,5
5860,severe (>7 м),0.22686347109556482,0.6280735899015666,0.6806767383377403,1.1432471011889869,1.1263244415106772,1.1323499852502108,0.31180871975920854,0.8165986777430178,0.7864585152974127,8.807865748933303,23.40573162499771,25.635626024640658,33.801167686346055,36.57849512493562,33.86595523601722,0.4341857396479994,1.0330161420651405,0.9762314019451617,1.9846601990121886,14.100688479180908,13.89483787798462,0.12160213125237332,0.5822423099563597,0.5804916738555906,5
5870,severe (>7 м),0.22038626272224845,0.6320540172238232,0.6337726581100702,1.2253903758275886,3.2121007801484587,3.481755999241424,0.2962433736552125,0.790549662743926,0.8210017906981231,8.57312783078339,19.233888130635837,19.1079276616478,38.981573655100725,90.22968607815017,96.2920212832283,0.4111246585687368,0.9726513426009656,1.036657945478827,2.3034972796214634,14.67957193048706,14.356295625288391,0.13589616768563983,0.8626197320449828,0.8676503640640257,5
5880,severe (>7 м),0.23822226176705397,0.4893266859116524,0.4749073110638678,0.8900284062086662,1.294533657101369,1.4571193864619494,0.31363361825600006,0.9693659597465991,1.0122541220316887,9.668529248521747,13.489050358756256,13.4685433996747,26.35902963139758,39.81985946085969,44.2749880054287,0.44744888458572946,1.3064108537910104,1.3662614905074357,2.078613850349576,14.98509535943909,15.081690551394654,0.16281315670437455,0.9183677568161009,0.9875699653350829,5
5890,severe (>7 м),0.27478236690592345,0.46556812784865204,0.46501423338658804,0.9737323173718412,0.8305043926273346,1.2133701318148613,0.3047001198803322,0.5625542268721699,0.5801130431337594,11.137085576813284,16.995681199008946,15.871755105298664,29.40314540541565,26.15650183792648,36.66805655750579,0.4316339258930215,0.6553510044781208,0.6647129734658451,2.157507825137409,14.953115898028566,14.61562371815796,0.19747730288217202,1.1767579356597901,1.2307925740646364,5
5900,severe (>7 м),0.19825901138038632,0.584859505440414,0.6149924959513154,1.0873381191438358,3.1991519630874636,3.3211037890042308,0.26391300436521326,0.8100408893916844,0.8468487326894044,7.740867386415265,23.337750820802686,24.25599416755295,34.282795543723815,85.8309134506836,88.66177320715332,0.3428141009608918,0.9170498396925032,0.9594853723145425,2.553312598461086,17.81908071444397,18.318610719898988,0.19595831730128788,1.4816822086334231,1.5303258453369142,5
5910,severe (>7 м),0.23884307175631975,0.25296573236088754,0.261822216001451,1.3218104272196243,2.280111686591005,2.37766317177515,0.3701561198527776,0.660360183454144,0.6775127171131016,9.604522647211763,8.567405098336794,9.616468206548001,41.34615984262865,69.5126925670168,71.93538257183381,0.4781572812584862,0.5877642594127656,0.6236539909762382,2.1618954919313813,8.985122126202393,8.831705015759278,0.21117284056716637,1.4788201810806274,1.567152023503113,5
5920,severe (>7 м),0.2061897375403813,0.1263368651318863,0.0969883955956042,0.9735388327997073,1.5141131479999896,1.74442834154374,0.2858143882415606,0.4195552905141353,0.47004980063151125,7.831614500930476,3.3040720786059383,2.4663479247272493,31.329922064931566,44.219636692517085,51.69920689057617,0.4010427114666372,0.5738368745489717,0.6079284874318838,2.6905548643471953,14.42546696463928,14.204195115960692,0.23088249246978426,1.3447835945755007,1.3574826025634767,5
5930,severe (>7 м),0.20073607062084525,0.2736766335139781,0.2949011568031072,1.0070471848132914,2.6485295106003757,2.786836089594174,0.3061020412855788,0.49302666258122924,0.5468770775577069,7.546284400104083,11.717435080826188,12.285382802307513,32.696943215748185,66.7707084291931,70.13551441781006,0.391067937276443,0.5450374050487279,0.5959446604362248,2.286951180880172,14.298061552661133,14.713745632785034,0.2340215621113883,1.4266018017471314,1.4932219370544435,5
5940,severe (>7 м),0.201997906836702,0.5336605704908848,0.5347155350779772,1.0828275979170683,3.755318379745769,3.856621095881748,0.25782793193305975,0.4871496370770455,0.5543932079114438,7.963586736781768,19.727865415271758,19.404391050016596,32.75113487070304,103.33807832296448,106.5586128443058,0.3552914527745183,0.4614093310351849,0.49782322982296945,1.9285478792902793,9.535877367382813,9.48856796873169,0.22120643027986903,1.441808525878906,1.459112493354797,5
5950,severe (>7 м),0.21789787838847047,0.2796572382635176,0.2746931865884662,1.008792617320482,2.4145049988718683,2.4493180126378293,0.29041918999532396,0.5558307798301696,0.5883407337313413,8.456177574475532,10.141620840378762,10.709705697246552,30.115768563942527,78.1844946015877,79.61326975561144,0.35907580609736145,0.6549862938220978,0.688955879792142,2.029068873848904,6.350888488018798,6.579490229809569,0.2195577681140058,1.29913347960968,1.3681455254699706,5
5960,severe (>7 м),0.1583362994576759,0.34344212640544775,0.3174669212506771,1.2855419238820314,1.4101820802331924,1.176050919552541,0.28278051808058613,0.81243385826329,0.8313103740785719,5.871767893960969,10.756613739827348,9.826266043518258,41.63730661928885,47.39483777432251,43.51736922916871,0.3865967325307964,0.8376599130445472,0.8825035831300854,2.265375203718365,1.8001377181945801,1.9462503070861819,0.16996644714496117,0.9583928032272337,0.9620759649627685,5
5970,severe (>7 м),0.1781006902359688,0.22583759639897344,0.26325697605503795,1.2433416249230393,3.842802432718355,3.6636653919505364,0.29640876053105936,1.1140412637437345,1.1773000722224476,6.991749552984918,6.183800019422151,7.113749038303375,36.43585790651177,126.92357566086426,123.86057421890868,0.41984955099537097,1.4321202417854337,1.5137447252539107,2.4928476043568537,5.500743543084717,5.1977816213928225,0.17461439732867706,1.1248897286727904,1.1356097194030759,5
5980,severe (>7 м),0.23283137421632846,0.20541585539419355,0.20639035524752142,1.8374167680581301,5.129230313652038,4.921880611966324,0.35265238140492666,0.5603264341977835,0.5196980788288117,8.56883762496683,7.114643844783878,7.382374791423416,59.97575170724117,148.26237485239258,141.7257846064453,0.502153435123587,0.8096753262807489,0.7367980172495547,4.805502177479119,6.103325829772949,6.827318654327392,0.20028567976704897,0.3294698669570923,0.31714231511535645,5
5990,severe (>7 м),0.20065850601549867,0.1522803566148132,0.16466466832019688,1.4857663954766442,3.1814092706993105,3.1108563062095644,0.31377524635652865,0.6456171507408858,0.7146411182751894,7.543481269157452,4.551562066791057,5.298057671311855,50.42334416334769,89.67133868061522,90.15174410664062,0.45466209057299684,1.11379858331635,1.241903661581421,3.584481526986052,2.275381139178467,2.7858726533843994,0.2122990445755366,0.11018921099090573,0.1092628448745728,5
6850,severe (>7 м),0.19100024111967806,0.34074531715018147,0.33154680432323813,0.7319741774075325,0.8333974566396296,0.8979131000202119,0.2821935409402653,0.5439931524992587,0.5435016176916958,7.565050081151929,11.62624825634117,12.190363948199082,21.652235909075358,28.523160912136085,29.88912618313218,0.439268155474292,0.8619042717770189,0.859748714718318,1.914559630433884,4.158655800958252,4.1853128100830075,0.17593733857635255,0.49156986424560556,0.5380574892807007,6
6860,severe (>7 м),0.20208031470042517,0.7916385909267902,0.8127576885004728,0.7018803797397963,0.6448473652599395,0.7397251994123698,0.25086625437351173,0.8795650243445156,0.8946551745443461,7.523382315992334,27.631770843846123,27.589071161133568,22.138267552468474,17.644264381064794,19.486643435491942,0.36115552712256205,1.336514481911069,1.3435971296481848,3.0729115748522657,2.2036829730651855,2.5021482726715085,0.26892895819490215,0.2785847545455932,0.2884484411071777,6
6870,severe (>7 м),0.14789586808246863,0.35499051297171114,0.3349700660453558,0.5523637959924868,0.9767714499422908,1.0134967352190614,0.22906366384814852,0.7782746571305752,0.7867123264077663,5.397879673068887,12.03633612186203,11.305947058134269,17.649174903748847,32.6413775518629,33.35689238087268,0.3493397674099957,1.1483818833278419,1.1724848982440235,1.9250930569221385,5.94305532723999,6.391639597717285,0.16255767874622934,0.4394192781814576,0.4720608333030702,6
6880,severe (>7 м),0.1847755945750297,0.4136804901913195,0.4277441880876675,0.6836603805368511,0.8240385089097677,0.7698839382296563,0.2539314682466896,0.8382799214760304,0.8206840380171776,7.035494278599542,19.055205885203936,19.885103600355244,21.80062824885248,29.51059878011704,27.51838630577088,0.38587653242028325,1.246427057169902,1.2300293140565632,1.7907506293825868,8.494206873651123,8.705233065362549,0.13811297931274674,0.8089972139396666,0.8374128223457336,6
6890,severe (>7 м),0.18278621804381587,0.5457045343325854,0.5105795799375892,0.6331866982016209,0.8444922352074743,0.9861807197197437,0.2149174033941294,0.5905434869349003,0.6272393127200842,6.966145600262709,20.405636829619215,18.578644409957505,19.30032792206054,32.888512873535156,37.43959252822876,0.3495908788575419,0.84194859233042,0.9020792814838676,2.0780996129589964,7.3376486622741695,7.289094718640136,0.14413251528327914,0.7624927259109496,0.7743612623832702,6
6900,severe (>7 м),0.18049014288249893,0.5632277088390947,0.5657824469980239,0.5973582940646476,0.667062855570203,0.7378458070888757,0.2322860366063948,0.7798196637519121,0.7758337875344277,6.355490266269691,21.079602989245036,21.318660554725504,19.081954768478557,23.644160064890286,25.110601221169663,0.3756367257444407,1.1247530669407786,1.1291508294144512,3.0599819980058847,5.591047776922608,6.8124035966247565,0.16599705895240224,0.7052332091224671,0.7344262170684815,6
6910,severe (>7 м),0.22884194938953972,0.38116604575194113,0.369933078822267,0.5982690810114433,0.9652047703058482,1.0293600439109862,0.22553090330876963,0.985739174857831,0.9855894912035227,8.866194101156006,16.675270206564903,16.280415866613804,19.359505552015367,30.18539725626373,32.45656864131355,0.3518255626174676,1.378904351268864,1.42273907340408,2.3903613749393804,6.964145293841552,6.481849113116455,0.15286292011473568,0.6107689477943422,0.6800286390327456,6
6920,severe (>7 м),0.20356181547589136,0.35442431556241516,0.36778628161357646,0.6322421480559195,0.8289395047701419,0.8546738096862555,0.2224541009071483,0.5405736613285661,0.5673835178104162,7.994964414133304,14.103803936364367,14.601663086535646,20.361728100603692,23.164997516651916,23.91986084904938,0.34274821665920435,0.9509818677108287,1.017675685360331,2.186961939794357,7.70763753647461,7.565402638861085,0.1489601341194554,0.734166715285492,0.763895914694977,6
6930,severe (>7 м),0.1556742946744955,0.7176136773036037,0.7260344054971997,0.5573153168045554,0.44178987993235586,0.43925848743255136,0.18268402483817664,0.35251028601346013,0.33813398599890465,5.743826140533748,26.003407951697547,26.29457151542588,17.30266816688807,10.872077276009176,10.307336594527815,0.27741168603781535,0.5719899940472193,0.5621298094114782,1.9871171463252348,6.453587346954346,7.128884702606202,0.1130897741612387,0.86128182216568,0.8657944182960511,6
6940,severe (>7 м),0.2655226286885779,0.4973161086696237,0.49224977425998445,0.6038188485641884,0.6730106424429417,0.6893920293372631,0.22719150347275044,0.39663147662421466,0.41706885878583194,9.879574076354556,16.82513243243332,16.91500489399071,19.85998489182294,19.021164559009172,19.703489582190514,0.35857405348479127,0.6518917670157315,0.6836017667116818,2.544687848520207,7.537377900292968,8.109047669580077,0.13249961951728398,0.5520012416259765,0.616385523261261,6
6950,severe (>7 м),0.21992492297579855,0.32111326225824804,0.31051003549978734,0.4480859304623081,0.5479057388566018,0.5957760149560452,0.19188752062499065,0.4960173296432376,0.5091395432226419,8.22074402068646,9.869723869840241,9.462750889340974,14.463115774612461,18.015000165908045,19.444762290488907,0.31327877126970255,0.6778884610766649,0.7181027367858648,2.2781496650972533,7.579667308685304,7.519562461730958,0.13516656952192457,0.41928185676574714,0.44950058912277224,6
6960,severe (>7 м),0.19248084977318375,0.7286345790720642,0.7125295860341847,0.48927202213092996,0.9588222352529465,0.9768311457450091,0.19348926457119361,0.6045419772358298,0.6081188514893173,7.191318249532003,26.877327909309873,26.367693460721977,16.46493860152127,26.380830336656192,26.753245616998292,0.30909189747937305,0.9752534543194591,0.9925135158032893,1.7671778387229018,8.63872681784668,9.214734565496826,0.13784908396930817,0.3697463014350891,0.39699812043151855,6
6970,severe (>7 м),0.2018899187708362,0.9860385874573708,1.0417023415033342,0.5349719814151656,0.5097420766538143,0.543858215483749,0.20775311478984498,0.4045848115425468,0.3599405360486269,7.590470076806523,40.50386638160706,42.58004150672149,18.161686506263816,13.791830694003295,15.46155291423645,0.321755686339853,0.5234061948186279,0.46527836072952755,2.463155807644514,5.877743031549073,5.630324723291016,0.15689625056779083,0.3308171578277589,0.34525911291732797,6
6980,severe (>7 м),0.18205250752019625,0.8401704082558394,0.8385266994419039,0.3844564453964361,0.3757172109262944,0.3775701583998204,0.15783580711228504,0.5289621421795964,0.5283460655909658,6.759282105160648,34.44129185750293,34.06530973910498,12.697010342609506,14.062494841392516,13.788737718167638,0.25943178217719753,0.7572135621956945,0.7554418746657133,2.292933372665577,5.961520850457764,5.7697046158691405,0.11126344644268542,0.4693160383300781,0.5064621297912597,6
6990,severe (>7 м),0.2360671900689145,0.5773268056559087,0.5817728714543104,0.6071703796623182,0.6766199567498326,0.7056441734688043,0.24327056183088058,0.5350674750137449,0.5344108585122347,8.808330411442846,16.299996840745543,16.814319950133893,19.06698089635599,20.021507711879348,21.703681405059434,0.3846207953438146,0.784534624349132,0.7760363081565022,1.8421628202490357,6.429863849847412,6.820094219415283,0.17613075714349033,0.3247094590034484,0.34324718302154533,6
7850,severe (>7 м),0.166878513802106,0.08588705582899452,0.08482371921074987,0.6743613559661227,2.4862164433460237,2.5817377871215106,0.28626293318172596,1.053648552679896,1.0787487812428471,5.353250263418415,3.4649528848824502,3.470613822608948,21.86382629916802,91.32332282937011,94.06462008631668,0.41604191066671203,1.3753054850602386,1.393546912619644,2.598266577509971,4.601533025213624,4.595159905859376,0.24637868427867535,0.9426958937881469,0.9135633130310058,7
7860,severe (>7 м),0.1494432960185692,0.2526947509613514,0.27560314748971015,0.6082046616057222,3.0285941657076654,3.0091230663868664,0.26833054056112193,0.8912014631116628,0.916339004548979,4.90031544668045,6.965064279465008,7.630037842626573,19.064559948594088,78.75663818402214,78.23195113820952,0.39097052631520124,1.2976243538264274,1.3397291699995992,2.120480665869513,0.8903101894836425,1.0857423034423828,0.26855047769798807,1.0443967264312743,1.0615676801818847,7
7870,severe (>7 м),0.147114094216463,0.19131583595241308,0.20188809546425346,0.8156250541955623,1.157495232576227,1.0834950192810058,0.2772853191138187,0.824996395226574,0.8724447915367841,5.088118252332204,7.0550118169145595,7.4839532982608805,25.618202003014336,32.45205349122524,31.633226875511163,0.4081525355088287,1.3284694211596966,1.4029122317249298,2.3525376140662475,1.7325943665161134,1.5601070122375487,0.2281495588210242,0.9453213263916018,0.9382375527786257,7
7880,severe (>7 м),0.14195085611548508,0.12805721844880133,0.11501661092773083,0.5748272615894061,1.1966544218673227,1.2321720734550474,0.21619802714467454,0.7920515687075376,0.7931876624804854,4.710661969155663,5.540902802891731,5.0021913668529505,16.30524209229267,48.96888447820205,49.85311171828765,0.32098230040005993,1.0063037337423784,0.996323970983088,2.070476862427326,2.2231115175201412,2.3447048974945064,0.22120522164914358,0.5449416858230591,0.49969303431854256,7
7890,severe (>7 м),0.10347259165010628,0.09962840533832908,0.09232550588864535,0.44634299670661315,3.062908947016669,3.100462220158053,0.1870634161876337,0.9181715691853048,0.9049241349827767,3.447146308939255,3.3183861853795285,3.2170634975897308,12.899596796847955,94.35914959152296,95.44216353734092,0.2621165837239915,1.3488905593659763,1.3365354877687095,1.7611485895477874,2.400253333370972,2.4889268296173097,0.19685598632482665,1.0423448468795777,1.0546506549468995,7
7900,severe (>7 м),0.13886670317031297,0.1600184256171942,0.15904491506127122,0.7287710993805979,2.9384762486054417,3.0177506027354712,0.2410929211569226,0.9354573282882692,0.914058236389649,4.837014729277678,4.0634713419882775,4.069696800029373,21.924466700764928,96.69459723905238,98.91142579094085,0.34308819883871017,1.571731020861244,1.5303807679348944,1.9209573384735084,2.4185790821990962,2.434296139120483,0.2171309907526638,0.781984732562256,0.7446221570312501,7
7910,severe (>7 м),0.1287959894929132,0.2052401382932291,0.2165329144093991,0.7397555864226175,1.8041733894815444,1.7746995389779805,0.245830531617458,0.5017657659766197,0.5092139329579591,4.553739858903891,8.180330539977266,8.461697007453157,21.147130316924702,75.89981260212116,74.3134948847351,0.35031734715017965,0.8757468103110314,0.905387896218288,2.3811074274483737,2.4720204856964108,2.5184627082916258,0.18866689998529917,0.87129454319458,0.8486565798995972,7
7920,severe (>7 м),0.10578873919317644,0.16568154906206242,0.16803703021075986,0.6026106243216403,2.2640310018846574,2.3004531993060593,0.20940505567790618,0.8407282201213716,0.8557080626128195,3.4441935349083055,5.12733689929123,5.368324664707733,16.955079564533385,81.30880455633239,82.08966738542156,0.307440330274205,1.0739354953681706,1.0963249450130044,1.551899364322617,2.833837620834351,2.9856727286376956,0.20444805211575462,0.45929881819000223,0.471822755415344,7
7930,severe (>7 м),0.10121981411711209,0.1871087829534471,0.19149405881283282,0.613475658284665,2.241054367328215,2.268382074319291,0.22209911643462923,0.7523960354252099,0.7575038191376566,3.6055430412999043,5.300524657493305,5.483929036658097,17.242602139392307,76.90462711936493,77.76209956294556,0.330809866873419,0.8787281589446723,0.904111572341448,1.5867593792368333,2.157597740026856,2.277264554830933,0.17492114021331107,0.5850056388137818,0.5813429095504761,7
7940,severe (>7 м),0.11041453613832708,0.23284736170504092,0.2397479600000739,0.564359031081274,2.1277557301018715,2.2058935525510788,0.22805372833973933,0.8157527124346018,0.8010992055595636,3.661205833436731,7.6269784704230315,7.9232467670091635,16.720826488378517,80.59667410081177,82.46931823914794,0.33841101625861714,1.2165657612216092,1.2169662721525314,1.424121189223268,2.856251730706787,3.1897411964202877,0.20677395563805018,0.549937982347107,0.5315382192398073,7
7950,severe (>7 м),0.11160374848114048,0.2317308757611633,0.23580290967525883,0.7439252997802954,3.8548237807965045,3.8213606651788714,0.20842709144031907,1.1567002430161,1.1151511203100444,3.6229478809460063,9.243174120172023,9.321051056835696,19.948786483896125,144.41161399260636,142.87870457545395,0.2953439832916046,1.5554537336785554,1.5100234147604763,1.5789885743306782,1.818025565672302,2.0827149634841917,0.15432137860791176,0.4834090746704103,0.412893370515442,7
7960,severe (>7 м),0.14374536668603605,0.16670272602330335,0.1765972284803927,0.955448632512829,5.974451071045207,6.1113415487323275,0.3281993002816947,1.5019008979752306,1.4924220104321484,5.005312587651808,6.749911064532017,7.5810793350143415,27.869824010150914,212.90823287485355,214.67742108820192,0.4748784774252357,1.7167439078392295,1.682681210613048,2.0937626377934966,4.260900651147461,4.516892324617005,0.19614825393619173,0.18360593782348636,0.1842740224449158,7
7970,severe (>7 м),0.18835277680114731,0.3014061855144143,0.3116114456897806,1.372304167034338,4.492693163654614,4.515817142104817,0.33367984265566064,1.0206197962909225,1.045320656970072,6.218321082514016,12.917483304183957,13.477455870550154,41.661556401078556,152.03264943437802,151.22905613260497,0.46918645977949447,1.325684334883499,1.3789951076601028,2.8659885052237177,6.122033833947754,6.086153792825317,0.21961026761564922,0.2293047415779113,0.22241470220413212,7
7980,severe (>7 м),0.19977618906242464,0.09474538313045947,0.07636279696126244,2.103612979788531,1.888419465793228,1.882406896776199,0.36909544183971926,0.6289766682783364,0.6763593205424427,6.637896907573233,4.842183004525614,4.479153260335159,70.29899317588493,51.06508520214233,58.12027483551178,0.5328193375066982,1.242997197835374,1.3409797418216642,3.161949577470787,0.9841652360949518,1.1998075208157537,0.3063422925227399,0.2542650097824096,0.25710312070617675,7
7990,severe (>7 м),0.16948785675641015,0.22651153625684978,0.1914695934368968,1.2470126895421028,4.341958512038493,3.9496599746845957,0.3006893901657178,1.1023839826878548,1.0690882386964797,5.506167334769486,8.726976216343498,7.230762936678983,37.53547096114435,125.88392553921051,115.86268857117004,0.4255267771159721,1.2455374246714832,1.2258998254565718,3.1271884576114792,4.2626773880317685,3.1789772169768336,0.2767341492453072,0.21837830195236202,0.27105302961883543,7
8850,severe (>7 м),0.10933276995707734,0.2368389630887598,0.23846405769809484,0.8908889335352915,0.828698699323845,0.8041394022837401,0.2670927489775756,0.6839216307921767,0.6849662083279728,3.943005110674963,10.816991462935448,10.74489338169389,27.15511146120292,38.31572391617432,38.77053585499421,0.43339909461175097,0.7295323269579649,0.7343087650973439,1.8349197736582123,1.1790466717468262,1.5349256447540285,0.10560093176217585,0.07054875462951671,0.0617007036773682,8
8860,severe (>7 м),0.13977925117254913,0.3926721140655338,0.37650111773113004,0.9931198726247275,1.0076509191629173,1.0657691593256475,0.26165556109048743,0.7951901334623097,0.8166540503082036,5.3522688441302355,14.092979104473494,13.477098567440413,29.84837169421545,36.580590995419314,37.510049906451414,0.38395520457484716,1.1062714746716498,1.1449123295518635,2.2769209603775185,1.149708481175232,1.3696989410537719,0.11982516629069588,0.07806920332031249,0.06900449756164546,8
8870,severe (>7 м),0.11710730538270617,0.3268989619116664,0.32680991573886875,0.9291733589228279,0.731015859633255,0.8023437333251714,0.24694397426849238,0.5055068667209863,0.5480330882755279,4.092888228852576,11.521559843474579,11.790928797477436,29.67862290433183,30.999299543572043,32.18442860491332,0.38679370576363215,0.5963871919317245,0.6935637751755357,1.6250502008524048,1.6569705985031127,1.7503708622894287,0.10611985609857648,0.06337267767944325,0.05784460913696279,8
8880,severe (>7 м),0.13029607879983693,0.16150412650676071,0.16170781251568794,1.2083947771244206,0.749783798550582,0.8647061348451794,0.33798521436993384,0.3983650110061884,0.42711783128502373,4.853007486181779,7.290696706140326,7.279376615846442,36.33983044308895,26.88953617001953,29.619326783665468,0.5290601945354253,0.36916601020653844,0.4510419600640178,2.064787683640754,1.261330386010742,1.2380445163146974,0.1255076967819267,0.0742915232910157,0.058638566705322324,8
8890,severe (>7 м),0.11935064352615143,0.40309740532463784,0.4088394552403539,0.8385921120600741,2.391002987504387,2.6897386076293226,0.2853188467793652,0.5392462491240859,0.5834895451736213,4.181874248705831,12.284835410155868,12.476393368877982,26.600900909854534,76.69565618084107,83.96522314622499,0.4294053482070619,0.7144173702216745,0.7965067686504722,1.7328722214763115,4.955483227552795,4.151221972288513,0.10895043287215837,0.11700082491607677,0.0909203590087893,8
8900,severe (>7 м),0.14439792925984657,0.2793226016519516,0.2858111465358566,0.8535440656971934,0.791535960980177,0.8852433129258156,0.2528312656621095,0.8210368729596853,0.8098185531264066,5.62405612772789,8.776107381184195,8.858261223782396,26.64250143875943,32.16250544306259,33.375734361002735,0.39021810383095384,0.9118357027869015,0.9305617558292388,1.8968046586563134,1.1055638152496337,1.0042744952575682,0.10715862358384558,0.046733843609619005,0.04611733233947746,8
8910,severe (>7 м),0.15013290810576996,0.42020100126970716,0.4081372828222453,0.9307721207279561,0.7742609272943973,1.0924726984296798,0.30244216332463736,1.1112936288596154,1.1468198128522398,6.122711512541142,16.99845291857362,16.4991670768404,28.622160304048315,20.909837641030883,29.433655055750272,0.4714256006694627,1.2582146387599111,1.3024456566251517,1.833236515424116,1.5984597543365482,1.8162995084014895,0.10334989215587716,0.048618795733642715,0.054489470013427785,8
8920,severe (>7 м),0.18000399511583073,0.3849042354432673,0.38545004798116095,1.134552137832224,1.6012543477456092,1.535147615299976,0.311858352414819,0.6447283596343278,0.6623115873714448,6.682735297911259,14.086702196924401,13.915182282654953,35.02356255717326,47.76655548788146,48.325449790985864,0.4512936367065876,0.9614389334102867,0.978157848218256,2.2830570005095736,1.7419680001174929,1.9712115929504397,0.10514264999783265,0.13443333069152832,0.10222352408905025,8
8930,severe (>7 м),0.20735646130760227,0.34673610818118905,0.36963172893697327,0.9181983259199733,2.308632022620249,2.4177783903787615,0.3089924781465413,0.43211302198817736,0.43994669508101947,8.099719047752739,12.042097196715641,12.562895267084695,28.338715035554724,68.11814544811477,69.67786287083854,0.4595281114270393,0.5294060184767723,0.5314424362722964,2.030442785648055,3.3382447783828737,3.753646445465088,0.14112027656572618,0.0666025901428224,0.07639022117767347,8
8940,severe (>7 м),0.1828770459879593,0.2030208965626359,0.24605593996614217,0.9453734947461505,1.0261589535928728,1.1579040683048247,0.3479639012948523,0.7620221567736626,0.8028585032956361,7.351309735748015,3.816188077659607,4.311299900007248,28.92879165745004,37.53189757894135,40.77249204064026,0.5093399861391851,1.110893054060936,1.1559556627128362,2.909727628438308,4.518658190338898,4.940238850682068,0.12462178659632309,0.07644678089447025,0.08877620143280027,8
8950,severe (>7 м),0.15102314327536695,0.38110641444737503,0.3857245656652659,0.9741878212466306,1.4480823560279843,1.4112565765750644,0.30760325963823176,0.46400809624109274,0.5017076149663687,5.827385046354899,12.172311331361104,11.92865679268875,29.409443011417785,41.1568873698822,41.924521171984864,0.44569581909851336,0.49223654027514463,0.5819305110596596,1.99572029558258,6.763681072980499,6.39332789281044,0.12124902345801632,0.12586961913299585,0.12644370593872073,8
8960,severe (>7 м),0.15904990154506018,0.41315545961852074,0.4205622339913145,0.9305622844830488,0.7976612318027257,0.803885619928789,0.26024855917210254,1.2432005900503398,1.2546340677500964,6.135997532579409,15.555561777047156,16.528978053323268,28.47191087820371,25.962109426270292,27.158390374540716,0.3759763043421772,1.3652892845579625,1.3970294008859636,2.2163101281179993,1.6135602881011963,1.690070866140747,0.13177264237370742,0.038988519683837854,0.03681308350067129,8
8970,severe (>7 м),0.185802490726255,0.42569931956183915,0.4561744114960432,0.9069852135428838,1.2009852491360662,1.4206640515517948,0.336999702642375,1.408140703833723,1.4157663047155977,7.161889672041528,14.593752786271287,16.43549118023262,28.770133020284998,43.3314993981781,47.891485941833494,0.4827484831911309,1.4673449365781663,1.456984710085076,2.4786898495154803,3.0158135754684445,3.173324534941101,0.12056173338120679,0.11128584000701913,0.1258351192199708,8
8980,severe (>7 м),0.14483510199491165,0.3800850956788719,0.3850379778970018,0.7067405998277203,1.4625622922698975,1.4331331962863922,0.255135653162314,0.6368516190005064,0.6510164199424505,5.409377390015231,16.495879244253157,17.170550496325014,20.799059135597677,47.87044654839631,46.746334158763894,0.3681187716170319,0.6956973941517235,0.6926573463609278,1.97171274333918,4.180148942999267,4.192117984823608,0.11979029128275184,0.14177582777404796,0.13264842546844494,8
8990,severe (>7 м),0.20553490878836592,0.5561804835360526,0.5914880995314598,0.900234904457761,1.2651003511718333,1.3666005691867709,0.33365059080551956,1.0258726606270792,1.1453637188425778,7.660768721040347,17.575593071314238,19.380478260833733,26.421760296143702,35.36683946737266,37.3720322684534,0.4536828568230094,1.1961945123972533,1.3365415556358333,2.6481793321082696,4.5754524078979495,4.450561698974609,0.11830532011411192,0.09912815473480219,0.11962769960174553,8
9850,severe (>7 м),0.16397375491529503,0.2905582332162321,0.29965697649104,0.7972134092169938,0.7078028004422903,0.7010770903130054,0.21706671806059985,0.4443718634857893,0.44814687113604545,6.156506298368726,14.216738764135954,14.36344994039726,24.85843962600622,27.721596623046878,28.29311518727112,0.2945817270900613,0.3924923767863631,0.41769536114920375,2.0570271548361743,2.8752637504244802,2.881518249085045,0.12109927189636167,0.05662764599456786,0.04991581091156001,9
9860,severe (>7 м),0.17842005105526182,0.14183361561741825,0.1653645194795847,1.192105941143066,0.6609123528444292,0.6515648354285479,0.24844385227989804,0.27709242826170916,0.31030984113528726,6.672974419642887,6.620883621288681,7.149775052254485,37.77470929824892,26.25299178912354,25.081797198706056,0.33471964800656645,0.28990407230026716,0.3154534427327096,2.17358245057427,1.5906117160378457,2.024464721655703,0.11869078029526788,0.10100516556091313,0.12244761242218019,9
9870,severe (>7 м),0.2284781774200782,0.47395068494498727,0.4731227435401082,1.0209879156776587,0.9789588963047983,0.9607151876879694,0.2777744726490868,0.358185506034398,0.3211365695854068,8.936620422276048,17.92814244413948,16.709381351715088,32.892678754366244,38.756628336065674,39.16306325351563,0.3774313930821181,0.42382446936591867,0.40714434326875815,2.708471818890312,3.3265642918125153,3.0808439101062772,0.13341791594400265,0.15212495102691662,0.21192550434875498,9
9880,severe (>7 м),0.20110766731882582,0.27094622109804156,0.2757818502425194,1.3826546532316804,1.1004212423913955,0.8542819132424831,0.2962876404263787,0.4672980267461777,0.48877938921010494,8.328226989954334,12.221961891128922,12.112818254010344,40.29168468225587,38.68215442449493,30.41459668464508,0.37707844478288066,0.4872862195712627,0.4870841938187481,2.4334509670411513,6.252812946878052,6.1510836850029,0.11544636614651509,0.16481100289916992,0.19914664792175302,9
9890,severe (>7 м),0.2205661517597315,0.31818057148408896,0.326908873754263,1.3184645192323716,3.184443083318997,3.1823635383575444,0.2932208963948404,0.6858569048433065,0.68120006510005,8.365710115643683,11.884807649232481,12.107879442115593,37.47778886980497,71.58815750740051,72.05072905717773,0.40807930145964744,0.7782403207680791,0.7794181775395839,2.183692877341685,3.9596098913884163,4.41941937050581,0.15681453763888434,0.13980942299804688,0.17488050673675543,9
9900,severe (>7 м),0.19028399401025872,0.20969176681892873,0.21434244887614845,1.0068710737401434,2.370669548723674,2.467314723271704,0.2477916832914236,0.33559474179730414,0.37826247940049174,7.288011472155904,9.5169899540802,10.556588121022797,28.316191232269517,67.70056835154877,68.80451758841858,0.3204970144302667,0.3788979251103103,0.4066643311807513,2.1834993805354266,2.741610943890476,2.8058254878887174,0.11000150624314387,0.10361892836914062,0.12737240451202392,9
9910,severe (>7 м),0.1845702641179836,0.6447851582598828,0.6048901676425056,1.0874888759240684,1.9495996878644704,2.094777485211014,0.26046367361211636,0.18292254454073903,0.22154746803072686,7.037257531827561,20.037827872803877,18.700107660463523,32.52036620117488,48.15666019370155,54.46671381743774,0.33975016389277307,0.14376792785933917,0.1706555280133128,1.9948789571579604,6.438972784861373,6.2256490784729,0.11554324359428048,0.08140056519012448,0.08990714935760495,9
9920,severe (>7 м),0.17048011161623913,0.2022293742927075,0.20920283463551997,0.9665404898148771,0.9174982855717182,1.023258251238823,0.24077210376475455,0.4238889101669073,0.4111771337464332,6.403537965389495,10.954507065922545,11.22914237571106,29.517678195566482,25.476510037069698,28.20929008830108,0.328975020353233,0.4729389928327799,0.47203671710433887,2.476561051716858,2.7282299765706064,2.7376919774928092,0.153293059134113,0.1291813730194092,0.11893432068176271,9
9930,severe (>7 м),0.15573169848307739,0.22823662183408736,0.2486697616351127,0.9054010418949922,1.6240731660849335,1.5454581960657536,0.27331585912602063,0.48064870148606287,0.4645743867725848,5.803746963386926,10.272597290853883,10.773829938749696,25.575461016824146,60.23847154736634,57.86022411438141,0.34732783799028377,0.7202911240273357,0.708066553353911,2.108858131625524,3.4278057813529967,3.387626862514496,0.11843504795515843,0.14404568654785158,0.12927114834289552,9
9940,severe (>7 м),0.18737934709163864,0.4304241795149505,0.46108488567457195,0.8342463784037261,1.2970112949999808,1.2707506169023752,0.2871879410273146,0.6166222140906215,0.6042953968761324,7.494169306424449,22.720919973059846,23.980991852685168,24.521612951263897,49.329890375003814,48.73868940936088,0.38038950054083165,0.8098206837459803,0.829042715337906,1.789532041753184,4.641004250552464,4.588802110757637,0.14368673430426668,0.12265196554107667,0.12206250062408448,9
9950,severe (>7 м),0.1797050520041351,0.40914188582602734,0.4145560392752647,0.7002698994402943,1.3971414383512974,1.2854078438145162,0.2657627811709082,0.44771073919483423,0.430173486007309,7.036789365748786,16.16086216585998,16.273419743946835,19.97661218975514,29.779237281277467,28.09972507366562,0.31966411791007643,0.5084389167092562,0.5203674353538752,1.6272148407790072,4.105009532678222,3.90063955854187,0.1355375517624085,0.16501023744354254,0.15181167100677495,9
9960,severe (>7 м),0.14655532801210053,0.4376482569396257,0.44932976595757007,0.7186173533697587,0.44112947618103016,0.42245229219532004,0.2873491661306756,0.5265843740477801,0.5207649270817281,5.3002842091970335,14.792511479598232,15.145257382136531,20.830603099545947,16.07245793471069,14.65687289366455,0.3524695051927828,0.5215237402099491,0.5255989011119426,1.9817170947002467,1.8100352080734254,1.8255486276237485,0.11112426502115554,0.18898590119628902,0.17853949578552242,9
9970,severe (>7 м),0.17346876076764253,0.4444958835971355,0.4590824166508555,0.7778382667605662,0.37895538815994256,0.4320125826611042,0.25287663324340415,0.7666112935447098,0.7282572236188651,6.881569662093851,18.28099053052292,19.10940532830582,22.608596952796898,16.029942181387714,15.286167397776415,0.312177487807024,0.7797276301810652,0.7762634947465866,1.9830348407469292,1.5120474882766726,1.5643024252936364,0.1152977741742868,0.05976899791717525,0.06126032463226307,9
9980,severe (>7 м),0.1902720905957988,0.4274694443543434,0.41323838688926695,0.8676644686929278,1.0945009757852793,1.3288423220365284,0.2536981778496454,0.8086563096441269,0.8119968325890541,7.286889910098475,20.121689699416358,19.533037156842425,26.237705350476386,32.46939569295502,39.924349543136024,0.3391414933509219,0.7985089779817163,0.7978409267016351,1.9947678927738655,2.3315638674271586,2.7842717153800014,0.10124290867623598,0.13928527332916252,0.09563095282440184,9
9990,severe (>7 м),0.19219646614985958,0.45937503425607684,0.46952091849745503,0.8791128979560987,1.9111237266144756,1.921439623453999,0.2252604113401111,0.7974187845964432,0.8122719533271076,7.4049398672415165,18.189078162990857,18.280762955926704,26.438626084119,61.21280124409791,61.90051839573975,0.2915613726314642,0.8867359562682864,0.8857444466463236,1.70889354716536,2.5351685666856767,2.7395466217217446,0.1134626677468045,0.10662250482940676,0.10866489807586674,9
10850,severe (>7 м),0.19764191844517015,0.6486876047530173,0.6853253956266641,0.7896014050038596,0.6888581712136029,0.7914507531898082,0.2715422609637615,1.2138187120838642,1.222560452593732,8.057609819748025,23.03366392206497,24.3077522862175,23.08446317823708,24.142309350303456,27.399596599122624,0.3576669283143229,1.4422123612131537,1.4556154730956614,1.7120813672956423,7.463272341859437,7.473286643397904,0.107934047835785,0.437263393258667,0.41849696621856686,10
10860,severe (>7 м),0.18416017862617948,0.7052784357297035,0.7312654434314728,0.717833361194497,0.4408263828619301,0.46711961643939015,0.2922909332895825,1.0439056225361583,1.0042839743437528,6.577258417272878,21.72229543849106,22.36069434272461,21.365312977763143,11.895563047910024,11.94097286678171,0.3845771646084334,1.3038633158753394,1.2665504276144088,2.2426790171955244,5.965174463096952,6.244953111264801,0.11231646532946431,0.4326529913589476,0.4310361080810545,10
10870,severe (>7 м),0.17437070005556693,0.49707229084568016,0.5082961974968194,1.0650826730755913,0.6045716912655831,0.8526634277014734,0.3565146321707586,1.3222541934376715,1.3348774722281813,7.288621814911162,15.5251423519475,16.32572049166985,29.126329617620666,23.253530508566282,30.496189028311154,0.46609672725067125,1.5735985555206775,1.578409156535304,2.1704785660193058,5.561277714676381,5.222144677794695,0.13178272178444603,0.5086250999664305,0.5019928673004148,10
10880,severe (>7 м),0.2286300881794096,0.9154166116210698,0.9103670152667045,0.9084306498954018,0.8563923343103648,0.6912829801545142,0.3235177575351571,1.3525811188243149,1.3048993999124288,8.139346554641351,35.639665745755,35.753154632870476,27.223753708442768,32.822448916326906,27.351045889746093,0.40380728711362784,1.3432118351663611,1.3040872777338683,2.2787958867885783,6.925150728768635,7.324830167538454,0.13758498486718188,0.4388986947845458,0.4026739957641601,10
10890,severe (>7 м),0.1861627318929617,0.5352756287517666,0.5239057437946728,0.7468710198966629,0.6796861012710571,0.7309230831696033,0.2749507681248213,1.0229368333998443,1.0109197010579827,7.1919246294486525,17.526462227217053,16.37718981590042,21.22601628963013,19.97002171154723,21.841530221212956,0.34581506491966757,1.1231268487434776,1.1054675559543015,2.2567294941080247,6.193659536305237,6.171099995586443,0.15168232266139142,0.5189833925216674,0.47798483829193106,10
10900,severe (>7 м),0.26831046959336013,0.5629190576856822,0.589521610260862,0.996310954927127,1.2626645500692248,1.2345863284069776,0.3572302749688226,0.6203705645216704,0.6589028420908452,10.647441293330932,23.06555230828514,24.192594920718573,29.09992594286904,39.47146504719362,40.07690847616881,0.45314469404261304,0.7186864902885168,0.7784856998893083,2.523554508967743,3.6248434007766717,3.1894891203048705,0.14300849377091523,0.3627783713241577,0.32695884083709714,10
10910,severe (>7 м),0.21984992023164623,0.35821164248363974,0.353624573201108,1.1418126828953474,0.98973056235075,1.014373725361228,0.4271838242154236,0.9960885008618474,0.9471005910828948,7.5118305233575935,10.23429290097351,9.883963532035828,31.69853361624846,27.738685926406863,29.250971032097247,0.5377228644472626,0.7977833866411179,0.7533770857648283,3.1905608083125996,7.464105116776944,7.844750643722534,0.13112457362952146,0.4219026050125124,0.3648857078109743,10
10920,severe (>7 м),0.17505472134271585,0.42158903205730913,0.3869970078203916,0.8717178030370253,0.37960807988263967,0.46353179048590654,0.32730101984777066,1.0291494574235203,0.9882731731818438,6.590983446345606,15.932089123348618,14.846161507639028,25.078024879916985,12.918796110021782,14.357912616311552,0.40854808616981736,1.0462368275420726,1.0306003164035678,2.144628182790414,6.638104615375329,7.066783808931637,0.11972973698503271,0.4117020118484499,0.43369147660827656,10
10930,severe (>7 м),0.18800409770897902,0.4618847780124664,0.47360927986068724,0.7363439110997253,0.8960546359997512,0.909184708131504,0.3035584157854543,1.1997690940447807,1.1490438172765731,7.322762115650461,15.127467635954286,15.844522360647584,22.35308671919214,26.834481362151234,28.61984772388534,0.37271670863706985,1.5403549057504653,1.4632098880669593,2.0600483684521107,10.567378069538975,10.40937142976036,0.1201870417201402,0.26794119124298105,0.21348482789916995,10
10940,severe (>7 м),0.2270973596013298,0.6010385049374103,0.6218452657594205,0.9302994433033673,0.7353915011790753,0.806583750796032,0.3224184995166872,1.4641480804214955,1.5420817182193278,8.702754630425078,20.318193672669985,21.41597843028412,28.603736299711876,20.741593151692772,23.773852761988067,0.4044393957933802,1.8699870709169388,1.9757355030741095,2.5303118507478928,4.597093508330536,4.298867867079926,0.16441468733427195,0.3537833069488525,0.28449514853210445,10
10950,severe (>7 м),0.221390965618514,0.7456974422640206,0.7483686674001665,0.9707532511284918,1.893540747360325,2.1871966547238113,0.2809777842827449,1.1067058564409256,1.0885651075526714,8.253460783193352,18.80877449720726,19.241785212453458,29.346127777519474,56.46915656312409,64.52928467633514,0.3692057946276518,1.3613467096904277,1.3696516096213815,2.9715006490269977,4.897090395146179,4.547861953430939,0.16118774580938922,0.20134643053131102,0.21814104055480957,10
10960,severe (>7 м),0.2514345930741173,0.6653315818667651,0.7173308196276665,1.0097545446452165,0.9438152255035399,1.1869990324685333,0.3600208189599453,0.6346364327255488,0.6455567135854244,9.901131445980608,26.2137128057106,28.700859814828487,30.260491677082086,25.0971582240757,32.43859998354282,0.470868002640639,0.8198176383381129,0.8353583368012429,3.158738116840871,7.312067316642285,6.221712253412486,0.1720528563758627,0.26998916082000735,0.24062974440460208,10
10970,severe (>7 м),0.22426064331301068,0.5091733617550611,0.4917852714151062,1.0074290938937789,1.313917398157263,1.178885452898884,0.30898917507051943,0.9467985500020981,0.909053221754551,8.742732205553207,18.564463072945784,17.27932103503723,28.96980519736574,34.92898427327728,31.354055139321893,0.3967798072613942,1.3138264029886244,1.2754592270258485,2.2570654798952643,0.5995884516387939,0.5486902334838868,0.14427353243137161,0.45923753199310297,0.41894898829193117,10
10980,severe (>7 м),0.192910413019553,0.9323755084642888,0.964292138173592,0.9302437691082817,1.4054131630544426,1.309349412817216,0.30760304916075276,0.7429350751394272,0.8009542158027887,7.38680866027408,37.03981783262062,38.12415547024727,27.41472764252263,31.27804539642029,28.675583819958497,0.39373023365155996,0.8612527548107147,0.9070101468595505,2.9045430022637997,1.929611824765015,1.9733307111404421,0.1499941597856976,0.23879319137268076,0.23430545992279064,10
10990,severe (>7 м),0.23169003823989312,0.5478907228343725,0.4999324170775055,0.9359471344370693,1.2916327867393016,1.259894551790428,0.3323661933099886,1.406880948134947,1.4125437688067795,9.389916946451692,23.255428920557176,21.115198285818487,27.935051629342958,32.96706387023754,33.143080809747694,0.4066360255074362,1.839743425026232,1.875306700620961,2.4189620116571313,2.3676723770477297,2.1816974426513673,0.20052866263498204,0.5530404095458984,0.5466649298477172,10
11850,severe (>7 м),0.21313971293802916,0.14895426356585623,0.15302557997910976,1.5454229282249377,1.5570374750852587,1.5791150805226566,0.29391064658915533,0.802351696846962,0.8215903565864563,7.085440334875473,4.714807858890533,4.909056099566651,48.82735811331709,50.25392057861329,48.8054897543335,0.4566123040659069,0.9059362722135008,0.8884024698792816,4.313878888837213,4.350927967739296,4.447148003590298,0.24715355072538725,0.30032387539215083,0.3437352971679687,11
11860,severe (>7 м),0.20309409462963507,0.1651436233665347,0.20880710563178062,1.669908711081693,1.8492704692338946,2.2621153429500582,0.3048499972776418,0.868931083907342,0.8619691135035514,7.372434985380229,5.015126294712735,5.566412158686209,49.5971350849939,49.93358414396057,61.98648255551452,0.4416153144338037,1.2341343682083843,1.2599241708342193,3.068990640840041,5.8503490908650395,4.883067121973419,0.20480762038937428,0.1782407783843994,0.1631862386901855,11
11870,severe (>7 м),0.21851298089885768,0.1928059090864837,0.16994796220784186,1.5914072545068463,0.8916940226510046,0.7688226742660522,0.28640005409427394,0.7633446019640446,0.7475017823776484,8.052586200105724,7.948712516812895,7.080726684099673,45.92855172737751,36.021265340115356,29.959584081468194,0.4020452170248009,1.0647315695430697,1.0418387126657724,3.156735057182606,7.516316375402451,6.659414153067113,0.17997964896586066,0.0444041896606445,0.048131523983764656,11
11880,severe (>7 м),0.18770549738663134,0.22995587451777605,0.23169048579338192,1.0387252289565283,0.3662080513074874,0.40923459769706716,0.22884358381828243,0.8899498451330901,0.8908222921022416,7.191942554076256,9.266495426963424,10.01177526226387,30.484167526627054,22.101722582141115,24.638637271329497,0.32502228393536436,0.9733416944684625,0.9643537341847898,2.093397493319582,3.5602010291181565,3.323753838459396,0.14338947632326837,0.18086927263031005,0.18675754396209715,11
11890,severe (>7 м),0.1675226316552471,0.3076286581813097,0.3578066049844697,1.1962428235802558,1.7148058091403962,1.7625192696180343,0.2546224386938743,0.8561200211331726,0.9093961380929232,6.064716091249279,10.956648018914796,12.382360270578005,32.485884713765756,52.76033308334961,54.923720951157954,0.3500716908110262,1.016870494928354,1.0826108452362508,1.6654968670852033,1.621615845301056,1.3405699157173154,0.13671314004254703,0.13543250440673824,0.15044598459320063,11
11900,severe (>7 м),0.1542590652984381,0.16875309789367912,0.17744446540066,0.9746313502504813,1.322583563951683,1.2949365990957737,0.22492688072082304,0.4598638922029257,0.4784393928153038,5.917473896636079,7.163403741490173,7.172787253033446,27.968682603544767,45.98345454451828,44.53574108598023,0.3128836942684891,0.6224100552526682,0.6485675627858758,1.5527945181147706,4.059279120838166,3.8727829345817577,0.12730683157473865,0.056081715019226056,0.05943647579345699,11
11910,severe (>7 м),0.1847231093949982,0.5065475197206735,0.528039390004754,1.196303218048172,1.3593555776391986,1.3817829756055835,0.2668996184583092,0.5666416942388655,0.5640455032039642,7.552805920251577,21.468025305522254,22.044095687223244,34.73646595296825,71.42188121986389,72.58586747360229,0.39456425310847243,0.9213884785404683,0.9189023708312609,2.642126514485489,4.755357556387329,4.758285391672993,0.13466769896370245,0.23488916695404055,0.25492438614654545,11
11920,severe (>7 м),0.13789386555149613,0.15491147456781712,0.1485732423942327,1.0422154192957396,1.8965380962715148,1.7931413314376894,0.23811151734988933,0.8407501922531843,0.8042583744584441,5.300923853338407,6.970343028517531,6.727761930307769,31.163851189297095,76.13734516794129,74.9394478704239,0.34934571306443024,0.920802808952678,0.8643557121201157,2.1781551418567124,1.4649696246875765,1.8688028274150852,0.1363753536992061,0.3255582931243896,0.3321235778533935,11
11930,severe (>7 м),0.20233407448002785,0.16361884220348594,0.13995893044375776,1.6348970662529987,2.8222068313434603,2.885409784682083,0.29984879605634424,0.5902810000654578,0.5919124620806694,7.0123584132539944,6.558103751549529,5.8885027634674065,47.487647639769456,71.91318656814119,75.23675672423859,0.42322633316841773,0.9723249325485943,1.0048487832889257,2.4244972327768237,2.70954113979187,3.088988844345474,0.1860475105488924,0.30002621249237044,0.3792936189559935,11
11940,severe (>7 м),0.25032144119438493,0.2549962866782159,0.26342816117321555,1.2912057900462806,2.3389311256807326,2.1725224423211094,0.3241909148729901,0.2872018142820358,0.2558464418382406,9.691690675488502,9.398491809825133,9.627827778021524,38.49301927211315,81.47996505386534,77.12688296333961,0.43716853145108187,0.32698880264527197,0.33723640549502376,2.722289235011671,3.160391131326294,3.1620640787330627,0.18358468055563776,0.41214002139282224,0.41456979281616196,11
11950,severe (>7 м),0.2152067642309973,0.24779920726485255,0.22414288576163055,1.220523114584247,1.9108569333716392,2.0331661103679894,0.27381045989592434,0.5537436276324391,0.5871555659570098,7.967961749968896,11.276438957006073,10.073408293277359,34.8756573583563,50.48600883932228,54.413015511444655,0.37874795871208433,0.8588058006376267,0.9420549478739739,2.3689486277875567,2.5083216896558764,2.225672649433708,0.15907119927642935,0.43894342748107906,0.4382049736160278,11
11960,severe (>7 м),0.1729304648125851,0.5668156403748958,0.5321153018699885,1.1448654874548072,2.8812359222346307,2.685280274706459,0.2658862765720479,0.48146255314127206,0.45770296603218313,6.531057650261197,23.269902284403063,21.732643535692908,32.45813441954887,86.8126985564148,80.62883612357732,0.3784463024473389,0.8097850074792386,0.760120954530883,1.6592071574941467,3.2477654645858762,3.171439410251236,0.11812455958085735,0.14913940300750728,0.1093902602005004,11
11970,severe (>7 м),0.20331263479670056,0.49340766928070784,0.4759849807145596,1.1439561210059166,2.2929691522441864,2.1632570434677123,0.2367645247559623,0.9029992803332327,0.8622958592471599,8.053055153503426,16.58349954718323,17.034334683989716,34.9984522654725,67.42698203419494,62.88329004956664,0.32406698224657327,1.6329643168373404,1.578779223177433,2.0188073367096786,3.265715041430473,3.1132732552008626,0.1356884186181227,0.19862250151824945,0.2291983968276977,11
11980,severe (>7 м),0.16165841144153043,0.49575801162511557,0.4903750505437746,1.0487587883324596,1.538908636172867,1.409079932769394,0.24962645098682143,0.8903802604262113,0.9087233272228717,5.912645833893603,22.790871569102478,22.60283109802551,32.61657979370074,54.023211537139886,52.798642502563474,0.3462674285799803,1.3144455658182144,1.3277564222834646,2.4654487050458544,2.385037144773865,2.5771905971106532,0.12235679236747281,0.2555879223236084,0.27282420276489255,11
11990,severe (>7 м),0.2323518706203616,0.48359150184155697,0.4617652672534704,1.2146285683923623,1.991082234972954,1.889022488998115,0.25941503736428156,0.7258613179922104,0.7435923356115819,8.915445519063416,18.247975830076694,18.070398195920944,37.12136742597401,59.99217577824861,56.77161069760591,0.3514192942431317,0.8778166939856769,0.8765008959340216,2.415824471378778,3.9580191494841572,3.7841402997622486,0.13871858620182476,0.2472468983306884,0.2646154295578002,11
