variant,H,mae,mae_std,r2,r2_std,skill,skill_std,seeds,run_ids
baseline,10,6.375083128611247,0.1001364616194529,0.7799580295880636,0.019802098022202237,0.6036930400615459,0.006224981836753503,"[42, 43, 44]",20260928-170413-3900;20260928-170707-13bd;20260928-171118-d12b
baseline,20,8.453109423319498,0.6034300758341995,0.5429154833157858,0.0844981808718642,0.4764436301559148,0.037374372451271363,"[42, 43, 44]",20260927-124202-3900;20260928-084645-13bd;20260928-084916-d12b
baseline,30,8.357745170593262,0.22780054667568944,0.6314694285392761,0.048590210045767634,0.5085988862952411,0.01339373719276015,"[42, 43, 44]",20260928-171431-3900;20260928-172454-13bd;20260928-173951-d12b
huber0,20,8.38565174738566,1.0637116368793775,0.5183655023574829,0.20653316724344054,0.4806217253586822,0.06588262085299956,"[42, 43, 44]",20260928-074238-3900;20260928-075205-13bd;20260928-084237-d12b
huber1.5,20,8.541536331176758,,0.5987850427627563,,0.4709667732319329,,[42],20260927-132808-3900
lr1e-3,20,8.283856391906738,,0.627111554145813,,0.4869265777050279,,[42],20260927-131752-3900
lr2e-4,20,8.110400199890137,,0.6277165412902832,,0.4976698544889132,,[42],20260927-133358-3900
no-attn,20,9.396862030029297,,0.5043704509735107,,0.41799085685609394,,[42],20260927-134019-3900
roll_w0.5,20,9.589221000671387,,0.5203055143356323,,0.40607680732320983,,[42],20260927-130730-3900
roll_w4,20,8.2519162495931,0.6290570854097947,0.6039727528889974,0.043346032454297634,0.48890483968231874,0.038961620815328266,"[42, 43, 44]",20260928-073913-3900;20260928-074853-13bd;20260928-075709-d12b
smooth0,10,6.4558952649434405,0.13424532190014477,0.7692195773124695,0.017562491486854362,0.5986693546554357,0.008345358693353249,"[42, 43, 44]",20260928-170537-3900;20260928-170857-13bd;20260928-171255-d12b
smooth0,20,8.11027161280314,0.9494065356415996,0.5835829973220825,0.1482484099019753,0.4976778187284734,0.05880295810858778,"[42, 43, 44]",20260928-074606-3900;20260928-075436-13bd;20260928-083950-d12b
smooth0,30,8.304300308227539,0.25007914691632593,0.637412965297699,0.03910327657878439,0.5117412248509462,0.01470362744983,"[42, 43, 44]",20260928-171933-3900;20260928-173225-13bd;20260928-175003-d12b
