variant,src,H,mae,mae_std,r2,r2_std,skill,skill_std,n
baseline,F1(K=9),20,6.526004791259766,0.7332741141865131,0.508884072303772,0.12445734512925533,0.41759666916604044,0.06543992843653845,3
baseline,F4,10,4.745474338531494,0.1333369182542716,0.7716915607452393,0.022105380553354148,0.573782749560484,0.011975724790875348,3
baseline,F4,30,7.264945824940999,0.9520477273817896,0.4363015294075012,0.20792071963247205,0.3828432977749563,0.08087639604615554,3
baseline,F5v2,5,3.991088310877482,0.0912228648706457,0.874993642171224,0.010378285710306549,0.6522972724582067,0.007947315734220398,3
baseline,F5v2,10,5.514171282450358,0.30453446935101525,0.7519541382789612,0.012786992641419097,0.5607520488580355,0.024258612013063292,3
baseline,F5v2,15,6.424873034159343,0.0675865085024775,0.6348798076311747,0.02051588378695034,0.4557017141667566,0.005725750614489057,3
baseline,F5v2,20,7.575303713480632,0.2661480812322247,0.47194770971934,0.033499412160864606,0.3915977390675172,0.021375393052079757,3
baseline,F5v2,30,8.548824628194174,0.06479683462032537,0.3213631709416707,0.0021219007755960756,0.32838857899730484,0.005090558769015938,3
baseline,F5v2,40,9.353988647460938,0.2380397748052854,0.17496464649836221,0.0265055304159556,0.2797194359844925,0.018329659113004756,3
baseline,F5v2,60,10.375463485717773,0.26638025357970857,-0.016416271527608235,0.06506916738107085,0.19321672316035607,0.020713400819562973,3
baseline,F5v2,120,10.8411013285319,0.26267540872531586,-0.010474781195322672,0.015611520514916053,0.13027588054350636,0.021073056291360876,3
roll_w4,F3(K=9),20,6.349380016326904,0.3649075361014622,0.5835708181063334,0.08646751749129439,0.4333592774568688,0.0325656157587466,3
roll_w4,F4,10,4.714462439219157,0.1705245256444691,0.786858081817627,0.014854751937607396,0.5765680994565919,0.015315749125972448,3
roll_w4,F4,30,7.326876004536946,0.30363844611278984,0.4839620391527812,0.06233124403054466,0.3775823328168384,0.025794067373272913,3
