regime,mae,rmse,n_values,mae_Pitch(градусы),mae_Roll(градусы),mae_Vertical(Метр),mae_Velocity.Pitching(°/мин),mae_Velocity.Rolling(°/мин)
wave:moderate (0.5-1.5 м),0.844170888773198,1.8868471825686075,200,0.002378508518444784,0.017564494324541092,0.025829549930973056,0.11962416167432607,0.6787741743249132
seaway:quartering (120-150°),6.881637835517433,18.93804213764704,16100,0.038240501581127156,0.15863355177016547,0.07721271041337771,1.5039495899296762,5.103601481823079
ALL,6.362460239978703,20.077428927972708,88400,0.024417826526107134,0.15333664323046065,0.06826301243480391,0.9609311202607318,5.155511637526603
seaway:beam (60-120°),6.908249792309004,22.466511180113578,45100,0.017045489386034073,0.17335493588073178,0.06774863746436341,0.6561549016754827,5.993945827902382
wave:rough (1.5-2.5 м),0.815259516418423,2.1947130848161374,11600,0.001759597128875542,0.025355663449796482,0.030892847914992725,0.07645034606395629,0.680801061860802
seaway:head (>150°),7.028933179435995,18.609563773170454,11100,0.04346289556414285,0.16284386634850162,0.0771444781682966,1.7526183518687206,4.992863587486323
wave:severe (>2.5 м),7.21691436874555,21.55136318705687,76600,0.027906642774271875,0.1730720713667126,0.07403299417019,1.0970700024069442,5.84483265802743
seaway:quartering (30-60°),3.3049249141861488,12.695005310006023,11850,0.0146956277760564,0.07401585242183037,0.051137500672729735,0.6081386320287984,2.5569373012867347
seaway:following (<30°),5.388360448071986,17.77118045141539,4250,0.027654326643136815,0.11717569463176135,0.0643715344231899,1.0540306052547017,4.125128287119198
