K,variant,mae,mae_std,delta_mae,r2,skill,n_seeds,run_id
1,baseline,12.439338684082031,0.02539195894126726,0.0,0.0018621087074279785,0.2295503727027845,2,20260926-235225-13bd
2,lr2e-4,9.406444549560547,,-1.3908316294352208,0.5476122498512268,0.4173973487292618,1,20260927-132540-3900
2,huber1.5,9.626532554626465,,-1.1707436243693028,0.5762292742729187,0.4037658586812731,1,20260927-132313-3900
2,lr1e-3,9.989104270935059,,-0.808171908060709,0.5133523941040039,0.38130942021674863,1,20260927-130057-3900
2,roll_w4,10.766900380452475,1.6637051139252672,-0.030375798543293087,0.4440697232882182,0.3331354185346697,3,20260928-073650-d12b
2,baseline,10.797276178995768,1.8114075449595834,0.0,0.4041577974955241,0.3312540466015714,3,20260928-084611-d12b
2,roll_w0.5,10.809257507324219,,0.011981328328451113,0.46654850244522095,0.33051196455206555,1,20260927-125704-3900
2,huber0,10.871078173319498,1.9981301528470408,0.07380199432373047,0.3953885833422343,0.3266830062541234,3,20260928-073806-d12b
2,no-attn,10.917198181152344,,0.11992200215657611,0.4398638606071472,0.32382649243548844,1,20260927-132729-3900
2,smooth0,10.926398277282715,1.8749403061165855,0.1291220982869472,0.38470274209976196,0.32325667029182314,3,20260928-073839-d12b
4,baseline,10.151588439941406,0.9071094245857798,0.0,0.5129766762256622,0.37124571260077766,2,20260926-235659-13bd
9,smooth0,8.11027161280314,0.9494065356415996,-0.3428378105163574,0.5835829973220825,0.4976778187284734,3,20260928-083950-d12b
9,lr2e-4,8.110400199890137,,-0.3427092234293614,0.6277165412902832,0.4976698544889132,1,20260927-133358-3900
9,roll_w4,8.2519162495931,0.6290570854097947,-0.20119317372639856,0.6039727528889974,0.48890483968231874,3,20260928-075709-d12b
9,lr1e-3,8.283856391906738,,-0.16925303141275982,0.627111554145813,0.4869265777050279,1,20260927-131752-3900
9,huber0,8.38565174738566,1.0637116368793775,-0.06745767593383789,0.5183655023574829,0.4806217253586822,3,20260928-084237-d12b
9,baseline,8.453109423319498,0.6034300758341995,0.0,0.5429154833157858,0.4764436301559148,3,20260928-084916-d12b
9,huber1.5,8.541536331176758,,0.0884269078572597,0.5987850427627563,0.4709667732319329,1,20260927-132808-3900
9,no-attn,9.396862030029297,,0.9437526067097988,0.5043704509735107,0.41799085685609394,1,20260927-134019-3900
9,roll_w0.5,9.589221000671387,,1.1361115773518886,0.5203055143356323,0.40607680732320983,1,20260927-130730-3900
