run_id,created_at,status,profile,n_targets,targets,seq_len,horizon,params,best_val_loss,test_mae_phys,test_r2_phys,test_r2_scaled,skill_vs_persistence,data_rows,notes,path
20260929-035407-f1-minimal-k1-s42-3900,2026-09-29T03:54:07,candidate,minimal_prediction,8,Pitch(градусы);Roll(градусы);Vertical(Метр);Velocity.Pitching(°/мин);Velocity.Rolling(°/мин);Velocity.Vertical(узлы);ROT(°/мин);SOG(узлы),120,20,474984,1.641742,9.7207,0.0029,0.0017,0.132,12499,F1 minimal k1 s42,models_archive\20260929-035407-f1-minimal-k1-s42-3900
20260929-035421-f1-minimal-k2-s42-3900,2026-09-29T03:54:21,candidate,minimal_prediction,8,Pitch(градусы);Roll(градусы);Vertical(Метр);Velocity.Pitching(°/мин);Velocity.Rolling(°/мин);Velocity.Vertical(узлы);ROT(°/мин);SOG(узлы),120,20,474984,1.510500,9.9698,0.2191,-0.0037,0.110,12499,F1 minimal k2 s42,models_archive\20260929-035421-f1-minimal-k2-s42-3900
20260929-035454-f1-minimal-k2-s43-13bd,2026-09-29T03:54:54,candidate,minimal_prediction,8,Pitch(градусы);Roll(градусы);Vertical(Метр);Velocity.Pitching(°/мин);Velocity.Rolling(°/мин);Velocity.Vertical(узлы);ROT(°/мин);SOG(узлы),120,20,474984,1.542185,9.4408,0.3648,0.0277,0.157,12499,F1 minimal k2 s43,models_archive\20260929-035454-f1-minimal-k2-s43-13bd
20260929-035523-f1-minimal-k2-s44-d12b,2026-09-29T03:55:23,candidate,minimal_prediction,8,Pitch(градусы);Roll(градусы);Vertical(Метр);Velocity.Pitching(°/мин);Velocity.Rolling(°/мин);Velocity.Vertical(узлы);ROT(°/мин);SOG(узлы),120,20,474984,1.393935,8.2389,0.3735,0.1163,0.265,12499,F1 minimal k2 s44,models_archive\20260929-035523-f1-minimal-k2-s44-d12b
20260929-035601-f1-minimal-k4-s42-3900,2026-09-29T03:56:01,candidate,minimal_prediction,8,Pitch(градусы);Roll(градусы);Vertical(Метр);Velocity.Pitching(°/мин);Velocity.Rolling(°/мин);Velocity.Vertical(узлы);ROT(°/мин);SOG(узлы),120,20,474984,1.434507,10.2827,0.2285,-0.0099,0.082,12499,F1 minimal k4 s42,models_archive\20260929-035601-f1-minimal-k4-s42-3900
20260929-035644-f1-minimal-k4-s43-13bd,2026-09-29T03:56:44,candidate,minimal_prediction,8,Pitch(градусы);Roll(градусы);Vertical(Метр);Velocity.Pitching(°/мин);Velocity.Rolling(°/мин);Velocity.Vertical(узлы);ROT(°/мин);SOG(узлы),120,20,474984,1.422647,10.8309,0.1217,-0.1849,0.033,12499,F1 minimal k4 s43,models_archive\20260929-035644-f1-minimal-k4-s43-13bd
20260929-035752-f1-minimal-k4-s44-d12b,2026-09-29T03:57:52,candidate,minimal_prediction,8,Pitch(градусы);Roll(градусы);Vertical(Метр);Velocity.Pitching(°/мин);Velocity.Rolling(°/мин);Velocity.Vertical(узлы);ROT(°/мин);SOG(узлы),120,20,474984,1.409037,10.1232,0.3827,-0.0649,0.097,12499,F1 minimal k4 s44,models_archive\20260929-035752-f1-minimal-k4-s44-d12b
20260929-035843-f1-minimal-k9-s42-3900,2026-09-29T03:58:43,candidate,minimal_prediction,8,Pitch(градусы);Roll(градусы);Vertical(Метр);Velocity.Pitching(°/мин);Velocity.Rolling(°/мин);Velocity.Vertical(узлы);ROT(°/мин);SOG(узлы),120,20,474984,0.832063,5.6807,0.6489,0.4661,0.493,12499,F1 minimal k9 s42,models_archive\20260929-035843-f1-minimal-k9-s42-3900
20260929-040112-f1-minimal-k9-s43-13bd,2026-09-29T04:01:12,candidate,minimal_prediction,8,Pitch(градусы);Roll(градусы);Vertical(Метр);Velocity.Pitching(°/мин);Velocity.Rolling(°/мин);Velocity.Vertical(узлы);ROT(°/мин);SOG(узлы),120,20,474984,0.839496,6.9070,0.4667,0.4108,0.384,12499,F1 minimal k9 s43,models_archive\20260929-040112-f1-minimal-k9-s43-13bd
20260929-040319-f1-minimal-k9-s44-d12b,2026-09-29T04:03:19,candidate,minimal_prediction,8,Pitch(градусы);Roll(градусы);Vertical(Метр);Velocity.Pitching(°/мин);Velocity.Rolling(°/мин);Velocity.Vertical(узлы);ROT(°/мин);SOG(узлы),120,20,474984,0.939892,6.9903,0.4110,0.4238,0.376,12499,F1 minimal k9 s44,models_archive\20260929-040319-f1-minimal-k9-s44-d12b
