K,variant,mae,delta_mae,r2,skill,run_id
1,baseline,12.42138385772705,0.0,0.00270158052444458,0.23066243256582875,20260926-235011-3900
2,lr2e-4,9.406444549560547,-0.26938438415527344,0.5476122498512268,0.4173973487292618,20260927-132540-3900
2,huber0,9.450470924377441,-0.2253580093383789,0.5947227478027344,0.41467050730059885,20260927-124011-3900
2,huber1.5,9.626532554626465,-0.04929637908935547,0.5762292742729187,0.4037658586812731,20260927-132313-3900
2,baseline,9.67582893371582,0.0,0.5636036396026611,0.40071261140976844,20260927-123739-3900
2,roll_w4,9.7333402633667,0.057511329650878906,0.5466771721839905,0.3971505585048509,20260927-125511-3900
2,smooth0,9.762547492980957,0.08671855926513672,0.5563903450965881,0.3953415636907227,20260927-125838-3900
2,lr1e-3,9.989104270935059,0.3132753372192383,0.5133523941040039,0.38130942021674863,20260927-130057-3900
2,roll_w0.5,10.809257507324219,1.1334285736083984,0.46654850244522095,0.33051196455206555,20260927-125704-3900
2,no-attn,10.917198181152344,1.2413692474365234,0.4398638606071472,0.32382649243548844,20260927-132729-3900
4,baseline,9.510165214538574,0.0,0.5638236999511719,0.4109732493695748,20260926-235330-3900
9,smooth0,7.324954032897949,-0.9686203002929688,0.7157167196273804,0.5463176742798103,20260927-131223-3900
9,roll_w4,7.525572776794434,-0.7680015563964844,0.6503751277923584,0.5338920429508978,20260927-130216-3900
9,huber0,7.629357814788818,-0.6642165184020996,0.6545074582099915,0.5274639565491566,20260927-124657-3900
9,lr2e-4,8.110400199890137,-0.18317413330078125,0.6277165412902832,0.4976698544889132,20260927-133358-3900
9,lr1e-3,8.283856391906738,-0.009717941284179688,0.627111554145813,0.4869265777050279,20260927-131752-3900
9,baseline,8.293574333190918,0.0,0.5827701091766357,0.48632468202305945,20260927-124202-3900
9,huber1.5,8.541536331176758,0.24796199798583984,0.5987850427627563,0.4709667732319329,20260927-132808-3900
9,no-attn,9.396862030029297,1.103287696838379,0.5043704509735107,0.41799085685609394,20260927-134019-3900
9,roll_w0.5,9.589221000671387,1.2956466674804688,0.5203055143356323,0.40607680732320983,20260927-130730-3900
