variant,K,Pitch(градусы),Roll(градусы),Vertical(Метр),Velocity.Pitching(°/мин),Velocity.Rolling(°/мин),Velocity.Vertical(узлы),ROT(°/мин),SOG(узлы)
baseline,1,0.4039192795753479,2.159895658493042,0.8071784973144531,12.970932006835938,71.6015625,1.0612146854400635,9.134712219238281,1.231654167175293
lr2e-4,2,0.36176595091819763,1.515017032623291,0.8605407476425171,12.236905097961426,50.890384674072266,1.1143513917922974,7.231508731842041,1.041082501411438
huber0,2,0.3850105404853821,1.5399892330169678,0.8707706928253174,12.895092964172363,49.78135681152344,1.1083879470825195,8.029558181762695,0.9936032295227051
huber1.5,2,0.38153979182243347,1.5989538431167603,0.8557178974151611,13.234259605407715,51.119606018066406,1.0820856094360352,7.85926628112793,0.8808336853981018
baseline,2,0.3690359890460968,1.5685921907424927,0.8447526693344116,12.883817672729492,51.580387115478516,1.085789680480957,8.132133483886719,0.9421170353889465
roll_w4,2,0.35229432582855225,1.5888450145721436,0.8570383191108704,12.532644271850586,52.873294830322266,1.094887375831604,7.602078914642334,0.9656428694725037
smooth0,2,0.36875998973846436,1.600341796875,0.85235595703125,12.916570663452148,52.031558990478516,1.0884150266647339,8.323769569396973,0.9186089038848877
lr1e-3,2,0.38848093152046204,1.6060138940811157,0.8863034248352051,13.101767539978027,53.905548095703125,1.1190623044967651,7.916555881500244,0.9891131520271301
roll_w0.5,2,0.3884892463684082,1.8240015506744385,0.9097840785980225,14.095348358154297,59.16707229614258,1.1711504459381104,7.893855571746826,1.0243635177612305
no-attn,2,0.4242195188999176,1.8319356441497803,0.7789557576179504,13.680900573730469,59.93743896484375,0.9595476984977722,8.772744178771973,0.9518545866012573
baseline,4,0.336363285779953,1.7230654954910278,0.8928465247154236,10.861719131469727,52.98866271972656,1.1217573881149292,7.5151872634887695,0.6417149901390076
smooth0,9,0.28616994619369507,1.2800179719924927,0.8303683400154114,10.915482521057129,40.26256561279297,1.0213738679885864,3.6406779289245605,0.36297082901000977
roll_w4,9,0.2690352201461792,1.3830119371414185,0.7509635090827942,9.782144546508789,43.58473587036133,0.9384984970092773,3.239673376083374,0.2565138339996338
huber0,9,0.29031553864479065,1.3217694759368896,0.8124078512191772,10.497878074645996,42.519779205322266,1.0006026029586792,4.303519248962402,0.28859052062034607
lr2e-4,9,0.3036322295665741,1.3904293775558472,0.740231454372406,11.280746459960938,45.76270294189453,0.9260478615760803,4.1942973136901855,0.2851085066795349
lr1e-3,9,0.3163979947566986,1.531761884689331,0.8438029885292053,11.240234375,47.647613525390625,1.026525616645813,3.3666043281555176,0.2979131042957306
baseline,9,0.287273645401001,1.5893223285675049,0.7679086923599243,10.324796676635742,48.77782440185547,0.9589200019836426,3.4858791828155518,0.15667198598384857
huber1.5,9,0.33784180879592896,1.6100313663482666,0.8626149296760559,11.761363983154297,49.28765869140625,1.0469248294830322,3.139258623123169,0.2865983843803406
no-attn,9,0.356859415769577,1.77303147315979,0.7535197138786316,11.598041534423828,55.558006286621094,0.9561696648597717,3.8078179359436035,0.3714442849159241
roll_w0.5,9,0.29513809084892273,1.8451755046844482,0.8172251582145691,11.04834270477295,57.858768463134766,1.0195300579071045,3.5307345390319824,0.2988567650318146
