variant,H,lead_step,lead_s,mae_mean,mae_std,persist_mean,persist_std,skill_mean
baseline,5,1,1,3.217968702316284,0.11002476588783926,4.757516860961914,0.0,0.3236033005533797
baseline,5,2,2,3.802077293395996,0.07355646123500834,9.00034236907959,0.0,0.5775630373286775
baseline,5,3,3,3.8964351812998452,0.0940873492914201,12.502498626708984,0.0,0.688347481760492
baseline,5,4,4,4.133960882822673,0.08109208871627528,14.918574333190918,0.0,0.7228983956177759
baseline,5,5,5,4.904998143513997,0.191884253108141,16.213321685791016,0.0,0.6974711142743424
baseline,10,1,1,3.463980038960775,0.23994986417588404,4.7697601318359375,0.0,0.27376221377668153
baseline,10,2,2,4.032926321029663,0.3264410014525107,9.038492202758789,0.0,0.5538054101768538
baseline,10,3,3,4.165531953175862,0.3740961606368039,12.558990478515625,0.0,0.6683227079197376
baseline,10,4,4,4.520243326822917,0.3401686077915797,15.002784729003906,0.0,0.6987063796173636
baseline,10,5,5,5.306536515553792,0.20823845665766993,16.311004638671875,0.0,0.6746652561809413
baseline,10,6,6,6.109782059987386,0.15115302161750946,16.369869232177734,0.0,0.626766593347149
baseline,10,7,7,6.629971186319987,0.24569228567412263,15.384262084960938,0.0,0.5690419761633422
baseline,10,8,8,6.806883970896403,0.3767145078210841,13.708610534667969,0.0,0.5034592343489266
baseline,10,9,9,6.9316121737162275,0.44715223143352223,12.014683723449707,0.0,0.42307160693814805
baseline,10,10,10,7.1742479006449384,0.39595489952576773,10.378178596496582,0.0,0.30871801502175067
baseline,15,1,1,3.7118653456370034,0.27836304619079544,4.774127006530762,0.0,0.22250385451426802
baseline,15,2,2,4.174818674723308,0.21996497761127323,9.054152488708496,0.0,0.5389056369516908
baseline,15,3,3,4.309362888336182,0.18665504763270868,12.580918312072754,0.0,0.6574683356618825
baseline,15,4,4,4.5807258288065595,0.11336989940181545,15.045419692993164,0.0,0.6955401761946289
baseline,15,5,5,5.3012979825337725,0.06143253150321333,16.35240936279297,0.0,0.6758093645456342
baseline,15,6,6,6.06995169321696,0.1572984538453363,16.424680709838867,0.0,0.630437157321367
baseline,15,7,7,6.584653536478679,0.11106170077577383,15.439497947692871,0.0,0.5735189344377207
baseline,15,8,8,6.780437469482422,0.0951361664302952,13.782373428344727,0.0,0.508035571323454
baseline,15,9,9,6.911339441935222,0.05891784776533021,12.085175514221191,0.0,0.4281142682783279
baseline,15,10,10,7.16533883412679,0.049454191548286085,10.424088478088379,0.0,0.3126172279534598
baseline,15,11,11,7.534142971038818,0.16115981643785865,9.141430854797363,0.0,0.17582454095958633
baseline,15,12,12,7.9389675458272295,0.2682928546975389,8.875903129577637,0.0,0.10555946477471212
baseline,15,13,13,8.277223904927572,0.3189137449407888,9.703882217407227,0.0,0.14701933520178712
baseline,15,14,14,8.471873919169107,0.3626270110753242,11.087305068969727,0.0,0.2358942171727989
baseline,15,15,15,8.561096827189127,0.42581617405961714,12.287984848022461,0.0,0.3032952975550839
baseline,20,1,1,4.213091135025024,0.4188294784278858,4.7887349128723145,0.0,0.12020790215385202
baseline,20,2,2,4.601210117340088,0.41594044603357705,9.081581115722656,0.0,0.493347021987817
baseline,20,3,3,4.575407187143962,0.579299285613917,12.622163772583008,0.0,0.6375100759600073
baseline,20,4,4,4.794918537139893,0.6166150724801085,15.100261688232422,0.0,0.6824612290741587
baseline,20,5,5,5.526620705922444,0.43949245685985117,16.416284561157227,0.0,0.6633452176505852
baseline,20,6,6,6.315536181131999,0.32332653213583334,16.51637077331543,0.0,0.617619617056814
baseline,20,7,7,6.894189516703288,0.27834126616294863,15.550069808959961,0.0,0.5566457513437753
baseline,20,8,8,7.196974277496338,0.34751025166209976,13.908159255981445,0.0,0.48253581620435115
baseline,20,9,9,7.337281862894694,0.37779394409927824,12.203130722045898,0.0,0.3987377477126154
baseline,20,10,10,7.534588019053142,0.31273161069027017,10.522989273071289,0.0,0.2839878647092775
baseline,20,11,11,7.882534980773926,0.3305551957400517,9.213580131530762,0.0,0.14446557491823686
baseline,20,12,12,8.418618520100912,0.3357747725054117,8.939945220947266,0.0,0.058314305956240986
baseline,20,13,13,8.888791720072428,0.3222884079591248,9.766725540161133,0.0,0.08989029296242723
baseline,20,14,14,9.142040888468424,0.2950177350531072,11.159660339355469,0.0,0.18079577599434116
baseline,20,15,15,9.2854642868042,0.29009216121996134,12.384929656982422,0.0,0.2502610395070588
baseline,20,16,16,9.393059094746908,0.2991929902677144,13.416879653930664,0.0,0.29990733039070827
baseline,20,17,17,9.54643472035726,0.29358876693524094,14.163208961486816,0.0,0.32596950688814097
baseline,20,18,18,9.765745162963867,0.24906540295483642,14.603415489196777,0.0,0.33126978615459457
baseline,20,19,19,9.990434010823568,0.20576707878879003,14.604849815368652,0.0,0.31595092471881114
baseline,20,20,20,10.203139305114746,0.21567174411323498,14.059922218322754,0.0,0.2743104018158711
baseline,30,1,1,4.52778959274292,0.4888171073550519,4.826597690582275,0.0,0.061908639790383635
baseline,30,2,2,4.860463778177897,0.3927944672673519,9.129637718200684,0.0,0.4676170152416713
baseline,30,3,3,4.812027931213379,0.41669297687012624,12.692037582397461,0.0,0.6208624580589674
baseline,30,4,4,5.0476250648498535,0.29451439355357845,15.213907241821289,0.0,0.6682229630679941
baseline,30,5,5,5.929087003072103,0.05448494978290726,16.587791442871094,0.0,0.6425632053855949
baseline,30,6,6,6.861935138702393,0.2643566376836995,16.731199264526367,0.0,0.5898718896229318
baseline,30,7,7,7.345754782358806,0.18266368198842972,15.779997825622559,0.0,0.534489493374249
baseline,30,8,8,7.433217525482178,0.17839592587830877,14.150126457214355,0.0,0.47468896847261766
baseline,30,9,9,7.422653992970784,0.3626637956745235,12.466732025146484,0.0,0.40460306855087247
baseline,30,10,10,7.549344539642334,0.26251184723040966,10.800238609313965,0.0,0.3010020599793145
baseline,30,11,11,7.914785385131836,0.045588972977309954,9.465116500854492,0.0,0.16379419266341788
baseline,30,12,12,8.40660540262858,0.10609623835845426,9.087681770324707,0.0,0.07494500631834866
baseline,30,13,13,8.789569536844889,0.060401698294448566,9.81491470336914,0.0,0.10446806696876176
baseline,30,14,14,8.929286321004232,0.07629284623268336,11.173654556274414,0.0,0.20086250420278895
baseline,30,15,15,8.943148295084635,0.0858890386516724,12.38303279876709,0.0,0.2777901471782377
baseline,30,16,16,9.046548843383789,0.06144404409419412,13.428881645202637,0.0,0.32633639327548936
baseline,30,17,17,9.234926223754883,0.08208054453378762,14.197921752929688,0.0,0.34955788710067437
baseline,30,18,18,9.460878372192383,0.08465437004951307,14.685564994812012,0.0,0.3557702154779445
baseline,30,19,19,9.586262067159018,0.19859292482735005,14.72922420501709,0.0,0.34916721113568694
baseline,30,20,20,9.671121915181478,0.2209629510026514,14.217738151550293,0.0,0.3197847778532238
baseline,30,21,21,9.85357634226481,0.1378310060713314,13.228137969970703,0.0,0.2551048103192234
baseline,30,22,22,10.078081766764322,0.09113871973310025,12.334644317626953,0.0,0.1829450848159332
baseline,30,23,23,10.294270515441895,0.028709017971136952,11.773305892944336,0.0,0.1256261742412399
baseline,30,24,24,10.413028081258139,0.0872900892564626,11.741292953491211,0.0,0.11312764935637853
baseline,30,25,25,10.473524729410807,0.1038530611646555,12.232033729553223,0.0,0.14376260228041782
baseline,30,26,26,10.554703076680502,0.09869546701460091,12.983806610107422,0.0,0.18708716221450428
baseline,30,27,27,10.694076538085938,0.1312557209110371,13.647584915161133,0.0,0.216412529794494
baseline,30,28,28,10.778611183166504,0.06303975612491859,14.097352981567383,0.0,0.23541595381347202
baseline,30,29,29,10.778236707051596,0.09221954098994971,14.177115440368652,0.0,0.23974402604065093
baseline,30,30,30,10.773600578308105,0.1396100797301907,14.087491035461426,0.0,0.23523638444997075
baseline,40,1,1,4.183392842610677,0.5674014294286818,4.808283805847168,0.0,0.12996133100059226
baseline,40,2,2,4.810678164164226,0.7665289448724009,9.117769241333008,0.0,0.4723843040075766
baseline,40,3,3,4.854205290476481,0.5422715438087294,12.690739631652832,0.0,0.6175002063418527
baseline,40,4,4,5.009565989176433,0.4182522064575386,15.226306915283203,0.0,0.6709927090627507
baseline,40,5,5,5.766196886698405,0.501926788265654,16.571958541870117,0.0,0.6520509707932385
baseline,40,6,6,6.630276044209798,0.6027745034574084,16.762653350830078,0.0,0.6044614235322434
baseline,40,7,7,7.199792226155599,0.5217176827680575,15.85987377166748,0.0,0.5460372301942586
baseline,40,8,8,7.331121285756429,0.3602994898359246,14.307815551757812,0.0,0.48761421621375667
baseline,40,9,9,7.340804258982341,0.32830161479173403,12.64247989654541,0.0,0.41935408882965797
baseline,40,10,10,7.59993855158488,0.5036954223148065,10.99681282043457,0.0,0.30889625242484153
baseline,40,11,11,8.087732632954916,0.6196026213074356,9.67441463470459,0.0,0.16400806267470092
baseline,40,12,12,8.581362088521322,0.5488411922715305,9.278064727783203,0.0,0.07509137516314168
baseline,40,13,13,8.874238650004068,0.41860966770962293,9.883989334106445,0.0,0.10216023611215908
baseline,40,14,14,9.034010569254557,0.3716909639287275,11.208661079406738,0.0,0.1940151901057645
baseline,40,15,15,9.115256945292154,0.39330063879183985,12.421982765197754,0.0,0.26619951761404315
baseline,40,16,16,9.258693059285482,0.4241387497821725,13.453201293945312,0.0,0.3117851389429215
baseline,40,17,17,9.422409375508627,0.49396928614223173,14.177474975585938,0.0,0.33539580272690905
baseline,40,18,18,9.650272687276205,0.473609068491883,14.72815990447998,0.0,0.3447740417089846
baseline,40,19,19,9.95162041982015,0.3688062161003987,14.849837303161621,0.0,0.3298498686109248
baseline,40,20,20,10.135214805603027,0.23463365920204912,14.426921844482422,0.0,0.29747905236769256
baseline,40,21,21,10.279206275939941,0.18606643792593885,13.498470306396484,0.0,0.23849102582616633
baseline,40,22,22,10.447004000345865,0.20183638503638987,12.69645881652832,0.0,0.17717182788433117
baseline,40,23,23,10.645704587300619,0.25474747721390306,12.108814239501953,0.0,0.12083013441797696
baseline,40,24,24,10.76768430074056,0.30863209470438013,12.004668235778809,0.0,0.1030419092592273
baseline,40,25,25,10.842914899190268,0.2243696420480293,12.378804206848145,0.0,0.12407412557734776
baseline,40,26,26,10.875123659769693,0.03606577207091741,13.029679298400879,0.0,0.16535753407956955
baseline,40,27,27,10.955099105834961,0.014215693445818252,13.639725685119629,0.0,0.19682408878746616
baseline,40,28,28,11.023165067036947,0.05975408788051173,14.073949813842773,0.0,0.21676819849145357
baseline,40,29,29,11.026218096415201,0.10582611000093847,14.113716125488281,0.0,0.21875868847165614
baseline,40,30,30,11.092475255330404,0.13586699061959903,14.054105758666992,0.0,0.21073062592475422
baseline,40,31,31,11.191316604614258,0.11572236281621325,13.845928192138672,0.0,0.1917250725763281
baseline,40,32,32,11.263771692911783,0.11144013273217244,13.403935432434082,0.0,0.15966681951806871
baseline,40,33,33,11.304539680480957,0.12412730250044271,12.798213005065918,0.0,0.11670952218045749
baseline,40,34,34,11.2571169535319,0.20228752519695764,12.470375061035156,0.0,0.09729122833636283
baseline,40,35,35,11.24921703338623,0.2677366737048848,12.53200912475586,0.0,0.1023612477935073
baseline,40,36,36,11.26928456624349,0.21452661158559538,12.957587242126465,0.0,0.13029452507903072
baseline,40,37,37,11.332750956217447,0.13504301997260892,13.628434181213379,0.0,0.1684480545945991
baseline,40,38,38,11.417619387308756,0.10612407670197378,14.212066650390625,0.0,0.19662497593234007
baseline,40,39,39,11.517064730326334,0.167388849332123,14.520037651062012,0.0,0.2068157805717561
baseline,40,40,40,11.565492312113443,0.29593194408711254,14.409235000610352,0.0,0.1973555631771189
baseline,60,1,1,4.505715052286784,0.14189566316213387,4.472607135772705,0.0,-0.007402375283372509
baseline,60,2,2,4.994022369384766,0.3246265084893913,8.47455883026123,0.0,0.4107041476245409
baseline,60,3,3,4.929080486297607,0.43929854284580105,11.805191993713379,0.0,0.5824650298849445
baseline,60,4,4,5.1091508865356445,0.44486145712911707,14.073613166809082,0.0,0.6369694956100569
baseline,60,5,5,6.022104899088542,0.33308954128067286,15.323678970336914,0.0,0.6070065869465199
baseline,60,6,6,6.920297463734944,0.15052479387901335,15.420743942260742,0.0,0.5512345260613671
baseline,60,7,7,7.423143068949382,0.01950595430182872,14.687131881713867,0.0,0.4945818469709852
baseline,60,8,8,7.606308619181315,0.05228329148926966,13.389189720153809,0.0,0.4319067263844897
baseline,60,9,9,7.7858039538065595,0.09486225089730196,12.16122817993164,0.0,0.35978473237969255
baseline,60,10,10,8.103170077006022,0.10619476110490589,10.981549263000488,0.0,0.2621104834171647
baseline,60,11,11,8.48898188273112,0.12254609728087942,9.834273338317871,0.0,0.13679622370724753
baseline,60,12,12,8.878863970438639,0.15663707705678187,9.332778930664062,0.0,0.04863663476845326
baseline,60,13,13,9.21052360534668,0.14153684710426917,9.686548233032227,0.0,0.049142854217382514
baseline,60,14,14,9.487167994181315,0.16991161420859066,10.770503044128418,0.0,0.11915274938311438
baseline,60,15,15,9.665431022644043,0.19272129056070916,11.732124328613281,0.0,0.17615678525745027
baseline,60,16,16,9.76406160990397,0.16725111632255815,12.579298973083496,0.0,0.22379922515582296
baseline,60,17,17,9.887068112691244,0.20181872652304325,13.23991870880127,0.0,0.253238004692673
baseline,60,18,18,10.114919344584147,0.2676660937056063,13.856077194213867,0.0,0.2700012274175251
baseline,60,19,19,10.404881159464518,0.3024709129206391,14.199271202087402,0.0,0.26722428134657217
baseline,60,20,20,10.637786229451498,0.3733003943510706,14.103806495666504,0.0,0.24575069625919543
baseline,60,21,21,10.79158083597819,0.42282976170946246,13.498159408569336,0.0,0.20051463986066642
baseline,60,22,22,10.86491870880127,0.406936307763291,13.00633716583252,0.0,0.16464423686145313
baseline,60,23,23,10.922903378804525,0.36643643373469426,12.533446311950684,0.0,0.12849960761474677
baseline,60,24,24,10.973387400309244,0.3885652727075736,12.233433723449707,0.0,0.10300021658883374
baseline,60,25,25,11.02328109741211,0.582144578894977,12.301904678344727,0.0,0.10393704181299679
baseline,60,26,26,11.175705273946127,0.7969778625552078,12.6957368850708,0.0,0.11972771843689611
baseline,60,27,27,11.3791716893514,0.7821247072180291,13.076160430908203,0.0,0.12977729590603826
baseline,60,28,28,11.421082178751627,0.6633037660528106,13.331422805786133,0.0,0.14329607986068638
baseline,60,29,29,11.367794672648111,0.5983893422113049,13.30212688446045,0.0,0.14541525792180088
baseline,60,30,30,11.356867472330729,0.656671377722762,13.312965393066406,0.0,0.1469317964091188
baseline,60,31,31,11.443988800048828,0.7889221480386424,13.3242826461792,0.0,0.14111782945925078
baseline,60,32,32,11.554237047831217,0.8134804124153665,13.214219093322754,0.0,0.12562089623066253
baseline,60,33,33,11.594091415405273,0.6973582014755462,12.946106910705566,0.0,0.10443413642616117
baseline,60,34,34,11.567553202311197,0.5954732045885597,12.809931755065918,0.0,0.09698557154790455
baseline,60,35,35,11.587202390034994,0.5006069300177669,12.770333290100098,0.0,0.09264683021094666
baseline,60,36,36,11.576723098754883,0.46201258083149016,12.988944053649902,0.0,0.10872484699771912
baseline,60,37,37,11.614263534545898,0.5203065223929927,13.433180809020996,0.0,0.13540480846156788
baseline,60,38,38,11.640018463134766,0.5460316979660232,13.843667030334473,0.0,0.15918098596065877
baseline,60,39,39,11.645600318908691,0.5307069160016703,13.94430160522461,0.0,0.16484879281832565
baseline,60,40,40,11.681870778401693,0.4541203468140436,13.698588371276855,0.0,0.1472208331410123
baseline,60,41,41,11.718648274739584,0.40177540346424356,13.316144943237305,0.0,0.11996690298185886
baseline,60,42,42,11.778403917948404,0.36179359747054535,12.984161376953125,0.0,0.09286371479831879
baseline,60,43,43,11.779211362202963,0.3612686790461168,12.717206954956055,0.0,0.07375798758921226
baseline,60,44,44,11.734776496887207,0.37608156074720084,12.820487976074219,0.0,0.08468565948606499
baseline,60,45,45,11.700406710306803,0.45008058598759143,13.092402458190918,0.0,0.10632087978728832
baseline,60,46,46,11.716945012410482,0.4328928519493054,13.154879570007324,0.0,0.10930807461554293
baseline,60,47,47,11.697081565856934,0.3874462547751536,13.015499114990234,0.0,0.10129596548586062
baseline,60,48,48,11.733530362447103,0.33396167492690376,13.163808822631836,0.0,0.10865232695614135
baseline,60,49,49,11.76213804880778,0.28747509678089417,13.48008918762207,0.0,0.1274436032954277
baseline,60,50,50,11.765730539957682,0.28029772047542756,13.721856117248535,0.0,0.14255546484210546
baseline,60,51,51,11.824833234151205,0.2688259979168217,13.830865859985352,0.0,0.14504027774847283
baseline,60,52,52,11.86492888132731,0.20358210902564952,13.971935272216797,0.0,0.15080275923402464
baseline,60,53,53,11.839141209920248,0.1974389124191777,14.012025833129883,0.0,0.15507283879480793
baseline,60,54,54,11.78483517964681,0.11019176390472887,14.125131607055664,0.0,0.16568315910344145
baseline,60,55,55,11.757634162902832,0.13529113260287867,14.126790046691895,0.0,0.16770659689558098
baseline,60,56,56,11.819366137186686,0.2627310284329711,14.041123390197754,0.0,0.15823215787435485
baseline,60,57,57,11.866033871968588,0.2891526852863089,13.898504257202148,0.0,0.14623662716657748
baseline,60,58,58,11.81094773610433,0.1613046848994822,13.626181602478027,0.0,0.13321662071813156
baseline,60,59,59,11.732923825581869,0.1403341815708068,13.221588134765625,0.0,0.11259345655075836
baseline,60,60,60,11.719553629557291,0.1610298047910934,12.907129287719727,0.0,0.09200927887910249
baseline,120,1,1,8.210660616556803,0.128667075367995,3.971219062805176,0.0,-1.0675416003762295
baseline,120,2,2,8.11397123336792,0.21741532094419178,7.627592086791992,0.0,-0.06376575215894764
baseline,120,3,3,8.172611077626547,0.2327937329853557,10.548808097839355,0.0,0.22525739383765164
baseline,120,4,4,8.386674880981445,0.1823652597623661,12.331886291503906,0.0,0.3199195416876758
baseline,120,5,5,8.745698928833008,0.1236147436262823,13.135193824768066,0.0,0.33417815941612616
baseline,120,6,6,8.805622418721518,0.07830753123380885,12.791646957397461,0.0,0.3116115189819877
baseline,120,7,7,8.777043024698893,0.07019152016112253,11.754752159118652,0.0,0.25331960164807277
baseline,120,8,8,8.6283966700236,0.0707845176699094,10.183993339538574,0.0,0.15274918370925183
baseline,120,9,9,8.453914960225424,0.14839638073979558,9.1240816116333,0.0,0.07345031313106709
baseline,120,10,10,8.759944279988607,0.23747189174915936,8.44180679321289,0.0,-0.03768594740067921
baseline,120,11,11,9.208108901977539,0.2678524679662175,8.08427906036377,0.0,-0.13901423159966964
baseline,120,12,12,9.325106302897135,0.24994528026240184,8.030885696411133,0.0,-0.16115540121114758
baseline,120,13,13,9.25550619761149,0.16042726487555847,8.197883605957031,0.0,-0.12901166233757366
baseline,120,14,14,9.154395739237467,0.04378719473872504,8.893462181091309,0.0,-0.029339930033203343
baseline,120,15,15,9.17701498667399,0.14813059523292288,9.602178573608398,0.0,0.04427782546171044
baseline,120,16,16,9.302353541056315,0.21046320636415347,10.388875961303711,0.0,0.10458517594150263
baseline,120,17,17,9.45192782084147,0.223979257142079,11.265402793884277,0.0,0.16097737526325284
baseline,120,18,18,9.554385821024576,0.13910572541842753,12.21494197845459,0.0,0.21781160828457913
baseline,120,19,19,9.676749229431152,0.09228351765961636,12.924973487854004,0.0,0.25131380435521267
baseline,120,20,20,9.844363848368326,0.2415717617287735,13.086071968078613,0.0,0.24772201525545
baseline,120,21,21,9.907491683959961,0.4076313763945258,12.810368537902832,0.0,0.22660369569805505
baseline,120,22,22,10.012311617533365,0.501713032946454,12.41031265258789,0.0,0.19322648044281754
baseline,120,23,23,10.27401606241862,0.4857054795396268,11.661210060119629,0.0,0.11895798039391281
baseline,120,24,24,10.43581771850586,0.3418104597355247,10.591885566711426,0.0,0.01473466147482394
baseline,120,25,25,10.394996960957846,0.20410781247074322,9.916845321655273,0.0,-0.04821610338707605
baseline,120,26,26,10.174806912740072,0.1781627837642466,10.088393211364746,0.0,-0.008565655557317031
baseline,120,27,27,10.190717061360678,0.30141688315317894,10.60352611541748,0.0,0.03893129979248888
baseline,120,28,28,10.304803212483725,0.5474984856375676,11.292513847351074,0.0,0.08746596623381964
baseline,120,29,29,10.219769795735678,0.6812976813480112,11.625266075134277,0.0,0.12090013857015014
baseline,120,30,30,9.858360608418783,0.648312926822311,11.749358177185059,0.0,0.16094475461972213
baseline,120,31,31,9.503919919331869,0.4676202627391121,11.552530288696289,0.0,0.1773300149984378
baseline,120,32,32,9.25725269317627,0.3818581442493802,11.526705741882324,0.0,0.19688652590999955
baseline,120,33,33,9.22934627532959,0.4253354705248285,11.613961219787598,0.0,0.20532313646744027
baseline,120,34,34,9.377634684244791,0.497590197820668,11.695728302001953,0.0,0.19820002294003147
baseline,120,35,35,9.574092229207357,0.5235158859795003,11.971923828125,0.0,0.20028790972462962
baseline,120,36,36,9.463687578837076,0.503721755271248,11.796101570129395,0.0,0.1977275269652271
baseline,120,37,37,9.182558377583822,0.4570842635358407,11.832714080810547,0.0,0.22396854053327953
baseline,120,38,38,8.850603421529135,0.3436057415739974,11.74699878692627,0.0,0.24656471137297264
baseline,120,39,39,8.628631591796875,0.26797025470562447,11.172003746032715,0.0,0.22765586299942087
baseline,120,40,40,8.758314768473307,0.341474861819612,10.44236946105957,0.0,0.16127131862804112
baseline,120,41,41,9.032232602437338,0.4297378826625212,9.69188404083252,0.0,0.06806225039590119
baseline,120,42,42,9.057714780171713,0.5004635391513782,8.808070182800293,0.0,-0.02834271210269268
baseline,120,43,43,8.871685663859049,0.4803595459202953,7.992141246795654,0.0,-0.1100511602464529
baseline,120,44,44,8.669985135396322,0.3818880768336802,8.814583778381348,0.0,0.01640447769521103
baseline,120,45,45,8.58133347829183,0.3628553798264017,9.931069374084473,0.0,0.13591042867093783
baseline,120,46,46,8.658296267191568,0.3896388643437201,10.800227165222168,0.0,0.19832276351814482
baseline,120,47,47,9.00241216023763,0.43515674558410405,11.13025188446045,0.0,0.19117624167999392
baseline,120,48,48,9.413116137186686,0.43912335883634246,11.58328628540039,0.0,0.1873535795233684
baseline,120,49,49,9.523849169413248,0.4310819850647831,11.889225959777832,0.0,0.19895128567383913
baseline,120,50,50,9.527894337972006,0.4184923867238971,11.910030364990234,0.0,0.20001091130888837
baseline,120,51,51,9.729365348815918,0.46479654424622957,11.419612884521484,0.0,0.14801268246111765
baseline,120,52,52,10.020326614379883,0.5214013274293213,11.212434768676758,0.0,0.10632018637264828
baseline,120,53,53,10.537036259969076,0.5415673028819206,11.052166938781738,0.0,0.04660902080704943
baseline,120,54,54,11.119923909505209,0.5087684479385528,11.023063659667969,0.0,-0.00878705347512776
baseline,120,55,55,11.343534787495932,0.46450653409828707,10.93521785736084,0.0,-0.03733962463859286
baseline,120,56,56,11.554848035176596,0.4218695328427206,11.040420532226562,0.0,-0.046594919228704956
baseline,120,57,57,12.118100802103678,0.39520613901270707,12.186980247497559,0.0,0.005651887833987734
baseline,120,58,58,12.732869784037272,0.4211054170649649,13.48552131652832,0.0,0.0558118232751279
baseline,120,59,59,13.083217938741049,0.42857688686453926,14.597329139709473,0.0,0.10372522168110532
baseline,120,60,60,13.353353500366211,0.3991547787349726,15.199548721313477,0.0,0.12146381809076012
baseline,120,61,61,13.505784034729004,0.38076194978342437,15.601038932800293,0.0,0.13430226711800175
baseline,120,62,62,13.690625508626303,0.3521421171760072,15.865533828735352,0.0,0.13708384121118555
baseline,120,63,63,13.992165883382162,0.25598808740886225,16.227819442749023,0.0,0.13776672628470765
baseline,120,64,64,14.319828033447266,0.16979420007652413,15.987794876098633,0.0,0.1043275108029399
baseline,120,65,65,14.366223017374674,0.15487395940749174,15.432581901550293,0.0,0.06909789243162856
baseline,120,66,66,14.263733863830566,0.15020724522187473,15.047298431396484,0.0,0.0520734383742264
baseline,120,67,67,14.593270937601725,0.17663909645217588,14.98629093170166,0.0,0.026225301236382004
baseline,120,68,68,14.873077392578125,0.2085636128929016,15.248478889465332,0.0,0.024618947214896214
baseline,120,69,69,15.019575119018555,0.2157046621164291,15.718814849853516,0.0,0.04448425263062861
baseline,120,70,70,15.135579427083334,0.24686658035127576,16.274818420410156,0.0,0.07000010469536844
baseline,120,71,71,14.909223556518555,0.2822835571218978,16.15130043029785,0.0,0.07690259240360076
baseline,120,72,72,15.15195083618164,0.31995154847962803,16.405855178833008,0.0,0.07643029448834626
baseline,120,73,73,15.211478551228842,0.34690957488769014,16.73967170715332,0.0,0.09129170408231124
baseline,120,74,74,15.10647169748942,0.32993473546248714,17.1415958404541,0.0,0.11872431026298014
baseline,120,75,75,14.886466026306152,0.308200926339988,17.236528396606445,0.0,0.13634197770143652
baseline,120,76,76,14.576848030090332,0.29443623137499797,17.079408645629883,0.0,0.14652501544190655
baseline,120,77,77,14.212085088094076,0.3370154914685598,16.822071075439453,0.0,0.15515247650784247
baseline,120,78,78,13.880910237630209,0.37812473268782926,16.296911239624023,0.0,0.14824901274049973
baseline,120,79,79,13.453008333841959,0.3597000446632375,15.587250709533691,0.0,0.13692231012787637
baseline,120,80,80,13.043972651163736,0.2719358741812084,15.187054634094238,0.0,0.14111241676311492
baseline,120,81,81,12.718972524007162,0.20231303516175908,15.017093658447266,0.0,0.15303368193001765
baseline,120,82,82,12.686453501383463,0.17744100080308053,15.143034934997559,0.0,0.16222517112052692
baseline,120,83,83,12.361722310384115,0.24960725430640474,14.93692684173584,0.0,0.172405244976915
baseline,120,84,84,11.891529401143393,0.3296746499319711,14.496176719665527,0.0,0.1796782261207307
baseline,120,85,85,11.545998573303223,0.3777470509528534,13.943114280700684,0.0,0.1719211116784305
baseline,120,86,86,11.44826634724935,0.38912849107431347,13.668066024780273,0.0,0.16240773738628533
baseline,120,87,87,11.68324089050293,0.3755935728240733,13.880542755126953,0.0,0.1583008606642865
baseline,120,88,88,11.992382049560547,0.30493388497141893,13.94908618927002,0.0,0.14027471858440577
baseline,120,89,89,11.727076212565104,0.19988577746125388,13.697787284851074,0.0,0.14387076038663982
baseline,120,90,90,11.370988527933756,0.15881065484144619,13.53956413269043,0.0,0.16016583573180054
baseline,120,91,91,11.151830991109213,0.14577852492809248,13.622941970825195,0.0,0.18139334256932882
baseline,120,92,92,11.125140190124512,0.12999653733120226,13.93372917175293,0.0,0.201567645460062
baseline,120,93,93,11.285204887390137,0.17030210455184522,14.254602432250977,0.0,0.2083114951099998
baseline,120,94,94,11.239349683125814,0.1602662494814071,14.27721881866455,0.0,0.21277737450989698
baseline,120,95,95,11.425211270650228,0.14196442019565989,14.273653984069824,0.0,0.19955946225112453
baseline,120,96,96,11.272680282592773,0.16699507478198145,13.925227165222168,0.0,0.19048499899908633
baseline,120,97,97,10.918710390726725,0.1969703173921421,13.361174583435059,0.0,0.18280310443188552
baseline,120,98,98,10.649802525838217,0.20104477063162887,12.92247200012207,0.0,0.1758695607359323
baseline,120,99,99,10.647202491760254,0.19799018363011647,12.96976375579834,0.0,0.1790750631829935
baseline,120,100,100,10.56316057840983,0.15688914037708254,12.768306732177734,0.0,0.17270466632906456
baseline,120,101,101,10.444853782653809,0.09566081347867217,12.399346351623535,0.0,0.15762867763701194
baseline,120,102,102,10.316795031229654,0.060401818211749225,12.028007507324219,0.0,0.14226898969364254
baseline,120,103,103,10.251762390136719,0.11891652897349013,11.96986198425293,0.0,0.1435354556616003
baseline,120,104,104,10.277145385742188,0.17911543211970526,12.026101112365723,0.0,0.14542998684961894
baseline,120,105,105,10.264255205790201,0.1850373148905512,12.225302696228027,0.0,0.16040891086016906
baseline,120,106,106,10.012932141621908,0.14239975136118335,12.390069961547852,0.0,0.19185830486053002
baseline,120,107,107,10.209890365600586,0.10719803767280923,12.627961158752441,0.0,0.19148544747272134
baseline,120,108,108,10.364896138509115,0.09675964021554248,12.559321403503418,0.0,0.17472482744029216
baseline,120,109,109,10.224628766377768,0.10713162196958144,12.333235740661621,0.0,0.17096948591779182
baseline,120,110,110,10.153697967529297,0.13527404455438347,12.523872375488281,0.0,0.18925252005904247
baseline,120,111,111,10.237398783365885,0.16768678292672204,12.596158027648926,0.0,0.1872602137179843
baseline,120,112,112,10.279303232828775,0.19921419296902215,12.628421783447266,0.0,0.18601837908974528
baseline,120,113,113,10.35372257232666,0.22386545275893605,12.266921997070312,0.0,0.15596409801909383
baseline,120,114,114,10.414098421732584,0.2053826983003662,11.45014762878418,0.0,0.09048348026946862
baseline,120,115,115,10.291599909464518,0.19182381163615622,10.571037292480469,0.0,0.026434244368310433
baseline,120,116,116,10.411969502766928,0.21545269783969728,10.733366966247559,0.0,0.02994376922836106
baseline,120,117,117,10.43262004852295,0.3106112885274449,11.442591667175293,0.0,0.08826423663701921
baseline,120,118,118,10.057353655497232,0.32070471329067696,11.779223442077637,0.0,0.14617854861548485
baseline,120,119,119,9.754447937011719,0.25669514653498704,11.998257637023926,0.0,0.18701129513074588
baseline,120,120,120,9.746905008951822,0.25627672988599626,12.227100372314453,0.0,0.20284411576259576
