sequence_idx,time_step,time_seconds,pred_Pitch(градусы),pred_Roll(градусы),pred_Vertical(Метр),pred_Velocity.Pitching(°/мин),pred_Velocity.Rolling(°/мин),actual_Pitch(градусы),error_Pitch(градусы),actual_Roll(градусы),error_Roll(градусы),actual_Vertical(Метр),error_Vertical(Метр),actual_Velocity.Pitching(°/мин),error_Velocity.Pitching(°/мин),actual_Velocity.Rolling(°/мин),error_Velocity.Rolling(°/мин)
2105,0,0.0,0.0125975385,0.33584276,-0.014695741,0.5215684,-5.696382,-0.000468,0.013065538530826568,0.446714,-0.11087124158287048,0.006891,-0.02158674123620987,-0.031783,0.5533514175491333,-4.966834,-0.7295480457458492
2105,1,1.0,0.018321019,0.2879104,0.080577165,0.27424058,-4.8683424,-0.000726,0.019047018666028977,0.364478,-0.07656759817886355,0.108717,-0.028139835111618036,-0.005519,0.2797595831813812,-6.119488,1.2511456004028316
2105,2,2.0,0.021409523,0.2474894,0.12778628,0.07962664,-3.0198815,-0.00066,0.022069522742033006,0.28626,-0.03877060724258424,0.19733,-0.0695437212753296,0.013384,0.0662426421675682,-6.686978,3.6670965131072997
2105,3,3.0,0.022182876,0.23032358,0.098585114,-0.078729704,-1.6738372,-1e-05,0.022192876244187355,0.185954,0.04436958288764953,0.18099,-0.08240488611698152,0.038844,-0.11757370402240752,-0.854557,-0.8192801849060058
2105,4,4.0,0.020442354,0.23129933,0.041321352,-0.1859258,-0.3965711,0.000691,0.019751353561520576,0.217905,0.013394325823783887,-0.028604,0.06992535212421418,0.042924,-0.22884979662799834,3.826054,-4.222625099758148
2105,5,5.0,0.016674677,0.24760585,0.0153896175,-0.25132275,0.86012006,0.001311,0.015363676910042763,0.275971,-0.02836515466785433,-0.134327,0.14971661753249169,0.031042,-0.2823647462768555,2.340973,-1.4808529419403076
2105,6,6.0,0.011615205,0.27368844,0.036330055,-0.29703617,1.6996647,0.001629,0.009986204624831676,0.286341,-0.012652564445495618,-0.033728,0.07005805544543267,0.006501,-0.30353717095947264,-0.576816,2.2764807119522095
2105,7,7.0,0.006472792,0.3001641,0.07549417,-0.32499388,1.8155321,0.00157,0.004902792010754347,0.283553,0.016611103507995606,0.082511,-0.007016829811096192,-0.011986,-0.31300787860298157,0.620585,1.194947088279724
2105,8,8.0,0.0024727522,0.31834438,0.09597589,-0.3173843,1.3282999,0.0012,0.0012727522395551206,0.325912,-0.00756761556816099,0.185447,-0.08947110924434662,-0.022972,-0.2944123026161194,3.316287,-1.987987119972229
2105,9,9.0,0.00027976988,0.32513276,0.085645184,-0.2659363,0.6618188,0.000817,-0.0005372301165089011,0.363255,-0.03812224257469177,0.219656,-0.1340108160791397,-0.022313,-0.24362328525733948,0.583237,0.07858180235671997
2105,10,10.0,-0.00016687822,0.32366,0.061027844,-0.18824354,0.20561843,0.000464,-0.0006308782206252217,0.342811,-0.019151013742446876,0.112279,-0.051251156494855885,-0.0193,-0.1689435381412506,-2.252686,2.458304426203728
2105,11,11.0,0.00046689797,0.31940916,0.045925032,-0.11705914,0.07669189,0.000228,0.00023889796727150677,0.322064,-0.0026548381938934495,0.018747,0.02717803234744072,-0.008176,-0.1088831413974762,0.428403,-0.3517111117272377
2105,12,12.0,0.0013833413,0.31602812,0.049707804,-0.07774175,0.14025187,0.000232,0.001151341266773641,0.356065,-0.0400368818664551,0.007356,0.0423518038752079,0.00877,-0.08651174958467484,3.046635,-2.906383125076294
2105,13,13.0,0.0021279408,0.31416357,0.06366432,-0.07349324,0.21041524,0.000394,0.0017339407665133476,0.38415,-0.06998643436431884,0.019342,0.04432231713104248,0.017537,-0.09103024226379394,1.32872,-1.1183047558975219
2105,14,14.0,0.002636407,0.31288296,0.07316066,-0.08875489,0.21184336,0.000811,0.0018254070363342761,0.349306,-0.03642304015731812,0.033551,0.03960966324710846,0.01509,-0.10384489234924316,-3.534082,3.7459253564901354
4180,0,0.0,0.010898577,0.35622096,0.32860702,0.10283496,-18.506369,0.000204,0.010694577049374581,0.345775,0.01044596061706543,0.323345,0.0052620227622985905,0.013875,0.08895996230840683,-32.197808,13.691439362915041
4180,1,1.0,0.015210431,0.08139022,0.40637526,-0.02871868,-19.130579,0.001256,0.013954431069135666,-0.175579,0.2569692169466019,0.483106,-0.0767307408390045,0.043693,-0.07241168014335633,-8.469053,-10.661525994750976
4180,2,2.0,0.017875804,-0.14394799,0.20210734,-0.14087673,-13.857308,0.001908,0.015967803634524345,-0.282288,0.13834001125144957,0.169616,0.03249134009742738,0.028802,-0.16967872531604766,-9.503806,-4.353502387756347
4180,3,3.0,0.021038966,-0.24795768,-0.091287665,-0.11910788,-5.2574863,0.002312,0.018726966253399847,-0.501528,0.25357032335090635,-0.264289,0.17300133493089676,0.015328,-0.13443587969827653,-18.088129,12.83064265661621
4180,4,4.0,0.023097364,-0.21086627,-0.22748843,-0.041676246,3.822387,0.002427,0.020670364231944086,-0.644632,0.4337657275505066,-0.553954,0.32646557164573664,-0.014968,-0.026708245629787443,13.055225,-9.232838019943237
4180,5,5.0,0.020702723,-0.06952755,-0.12507063,-0.04106909,10.012777,0.001831,0.018871723413705827,-0.247352,0.1778244484682083,-0.394687,0.26961636849594117,-0.055773,0.014703909633636478,48.715449,-38.70267167150879
4180,6,6.0,0.015825415,0.11474457,0.10525282,-0.19213079,10.855985,-0.000405,0.016230415030121802,0.878742,-0.7639974336190224,0.361864,-0.25661118272686007,-0.092684,-0.09944678916072845,37.873092,-27.017107312194824
4180,7,7.0,0.011243222,0.26445568,0.2710047,-0.4012864,6.6294947,-0.001565,0.012808222281336785,0.983842,-0.7193863239212036,0.682147,-0.4111422933788299,-0.028083,-0.37320339340400693,-25.457437,32.08693166705322
4180,8,8.0,0.006206446,0.3177817,0.2578856,-0.5215809,0.25627235,-0.000905,0.0071114458616077895,0.29886,0.0189216867828369,0.438451,-0.18056539490318296,0.071587,-0.5931678749198913,-50.719582,50.97585434578133
4180,9,9.0,0.0015811446,0.27365664,0.11146202,-0.47985923,-4.753526,0.000399,0.0011821446355655789,-0.211382,0.4850386364765167,0.070624,0.04083801938390731,0.118207,-0.5980662329025268,-33.462267,28.708740789215085
4180,10,10.0,-0.00068066735,0.18144156,-0.030061454,-0.29721713,-6.387119,0.002764,-0.003444667348206043,-0.372571,0.5540125603876114,-0.395232,0.3651705464191437,0.081156,-0.37837313066101075,5.339785,-11.726903816375732
4180,11,11.0,-0.00082880957,0.094067834,-0.06694358,-0.06348852,-4.9237957,0.003459,-0.0042878095705211165,-0.341105,0.43517283431768417,-0.374376,0.30743242157793044,0.032053,-0.09554152068185806,-4.065436,-0.8583597000732421
4180,12,12.0,0.00032277417,0.044753343,-0.001416333,0.10908969,-2.073972,0.003319,-0.002996225830964744,-0.486162,0.5309153428668976,0.043198,-0.04461433301973343,-0.045563,0.1546526874666214,6.230427,-8.304398986770629
4180,13,13.0,0.0027429033,0.042790238,0.09156168,0.17012541,0.44366533,0.001889,0.0008539033070802688,-0.047011,0.089801237814188,0.282924,-0.1913623174777031,-0.102945,0.2730704099607468,45.53823,-45.09456467435837
4180,14,14.0,0.005968747,0.07425017,0.13613619,0.14217848,1.7168702,-0.000242,0.006210747194856405,0.725579,-0.6513288309016227,0.293524,-0.15738781089687348,-0.130919,0.273097475856781,48.81878,-47.10190981128692
6255,0,0.0,0.01870211,2.19551,-0.6503699,0.5034325,-8.364604,-0.019875,0.038577110275626186,2.936785,-0.7412750894165039,-0.871294,0.22092411741638185,0.482353,0.02107951228332522,46.479064,-54.84366799627686
6255,1,1.0,0.027782789,1.6213586,0.16260448,0.8291726,-45.812267,-0.007384,0.03516678850018978,3.265232,-1.6438733669586183,-0.43221,0.5948144809818268,1.400969,-0.5717963887634276,-2.801744,-43.0105233034668
6255,2,2.0,0.05035634,0.612964,0.77850163,0.64717543,-70.63268,0.034585,0.015771339663267138,2.341947,-1.7289830255241392,-0.15971,0.9382116298294068,2.75001,-2.102834568748474,-84.475586,13.842903199707038
6255,3,3.0,0.05939692,-0.6829636,1.0108219,0.2775778,-73.540665,0.069163,-0.009766081136941912,1.091014,-1.7739776096954345,-0.065307,1.0761289385147095,2.825362,-2.5477842123622896,-114.704788,41.16412332714843
6255,4,4.0,0.059629828,-1.7964785,0.8963954,0.08738855,-51.981876,0.109964,-0.05033417226219178,-1.562318,-0.234160509902954,0.595612,0.3007833852653503,0.952049,-0.8646604472746849,-122.255166,70.27328962670899
6255,5,5.0,0.058569465,-2.3749518,0.6108027,-0.039059587,-14.623724,0.106419,-0.04784953516745567,-3.313372,0.9384201605529787,1.335186,-0.724383289943695,-1.207039,1.1679794131770134,-93.050439,78.42671501623535
6255,6,6.0,0.051989887,-2.3166463,0.30552387,-0.548156,22.677221,0.067817,-0.01582711309027672,-4.390418,2.073771662490845,1.697194,-1.3916701276245118,-3.370317,2.8221609769744873,-37.10214,59.77936129821777
6255,7,7.0,0.03041857,-1.7509725,0.059302367,-1.569358,47.376953,0.020076,0.010342569222092628,-4.527532,2.7765594906158446,1.420346,-1.3610436327300073,-4.615416,3.046058008781433,17.836582,29.540371125
6255,8,8.0,-0.008354058,-0.93377644,-0.10527369,-2.6028826,55.261467,-0.081044,0.07268994244211913,-3.148866,2.2150895617637634,0.228884,-0.3341576863493919,-5.083756,2.480873376327515,111.393558,-56.13209102001953
6255,9,9.0,-0.05581301,-0.13036644,-0.18678746,-2.976729,48.20009,-0.144752,0.08893898921799659,-1.291942,1.1615755554122924,-0.544216,0.35742854372596744,-3.670273,0.693544083831787,141.408045,-93.20795649902342
6255,10,10.0,-0.097233,0.44836402,-0.18333122,-2.3092406,30.987902,-0.170969,0.07373600258255006,1.567362,-1.118997980606079,-1.000548,0.8172167786579132,1.092765,-3.4020055796051025,112.550601,-81.56269931237793
6255,11,11.0,-0.11828829,0.6829614,-0.097227715,-0.7031786,9.593157,-0.118607,0.0003187065191268962,2.961629,-2.278667595676422,-0.939013,0.8417852850441933,4.826889,-5.5300675845756535,54.568087,-44.9749301854248
6255,12,12.0,-0.11049397,0.561847,0.049448755,1.2906654,-9.770217,-0.03996,-0.0705339728975296,3.36475,-2.802903028488159,-0.846456,0.8959047546384334,6.493014,-5.2023486118927,4.645311,-14.415527941833496
6255,13,13.0,-0.07451907,0.17234805,0.21137452,2.9404314,-22.012493,0.083355,-0.15787406800270082,2.791691,-2.6193429477367403,-0.63194,0.8433145212554931,5.803241,-2.862809643569946,-60.390968,38.37847486645508
6255,14,14.0,-0.020576354,-0.3323252,0.3356714,3.6942346,-24.690666,0.145843,-0.1664193541162014,1.827397,-2.1597221903057098,-0.339336,0.6750073950634004,3.925166,-0.2309313903961181,-91.239788,66.54912180126954
8330,0,0.0,-0.18463604,0.8613431,1.5314085,4.501473,115.381294,-0.24393,0.059293958477973946,0.850164,0.011179085765838592,1.735046,-0.20363745164489755,2.960791,1.5406819499816895,100.246344,15.134950250488288
8330,1,1.0,-0.11151272,2.3889182,1.9958199,6.9292083,71.661255,-0.163621,0.052108279415130604,2.059104,0.32981416139221187,1.694978,0.30084192626190176,7.205235,-0.2760267213439942,49.244493,22.4167618828125
8330,2,2.0,-0.0016313498,3.010627,1.4261457,8.641209,12.438456,-0.062166,0.06053465020915866,2.421036,0.589591031326294,1.011351,0.4147946727981566,9.987626,-1.34641735131836,10.271944,2.1665115816650395
8330,3,3.0,0.14255635,2.638138,0.29317418,9.232266,-43.566574,0.172869,-0.030312645596504206,2.000306,0.6378320558013915,-0.522825,0.8159991774082184,11.251442,-2.019175573913575,-45.991446,2.424871903320316
8330,4,4.0,0.281051,1.6061972,-0.62959725,6.5873795,-81.25679,0.311221,-0.030169990106582667,1.232223,0.37397423796844476,-1.038859,0.4092617533531189,9.276426,-2.6890465444335945,-72.228066,-9.028724161132814
8330,5,5.0,0.3522704,0.20037776,-0.90776694,1.8728825,-93.56817,0.442306,-0.09003560543632505,-0.609562,0.8099397623176575,-0.873902,-0.033864938209533735,2.763627,-0.8907445146102906,-90.378483,-3.189685640136716
8330,6,6.0,0.32528487,-1.3145151,-0.6199153,-3.243279,-80.67358,0.44104,-0.11575513152122496,-1.84306,0.5285448861694335,-0.56795,-0.0519653065681458,-3.016111,-0.22716798025512697,-47.347841,-33.325735354980466
8330,7,7.0,0.22272865,-2.4491794,-0.16982251,-6.8080077,-46.86491,0.354947,-0.1322183452577591,-2.020594,-0.42858541093444824,-0.474266,0.3044434859428406,-8.526234,1.7182262828674322,23.046804,-69.91171412573243
8330,8,8.0,0.08467779,-2.8257298,0.10893053,-7.267081,-1.3932313,0.234333,-0.1496552069144249,-1.504362,-1.3213678469543457,-0.424164,0.5330945281639099,-12.595985,5.3289042161560065,65.127629,-66.52086027269745
8330,9,9.0,-0.045892775,-2.4019413,0.15259975,-5.5062356,41.911957,-0.056817,0.010924224941253662,0.320134,-2.7220752994384765,-0.110129,0.26272875194931034,-14.284011,8.777775400482177,104.554667,-62.64271021289062
8330,10,10.0,-0.14201176,-1.4109081,0.11606169,-3.6485124,68.47907,-0.252046,0.11003423833465575,1.821799,-3.2327071029891967,0.473508,-0.35744631253051756,-10.185264,6.536751636566162,80.527821,-12.048748429199222
8330,11,11.0,-0.2115242,-0.22631437,0.21016154,-2.822321,72.821976,-0.37415,0.16262579658031462,2.462621,-2.6889353658638,1.629063,-1.4189014630680084,-1.643838,-1.1784829381103517,-19.690779,92.5127547080078
8330,12,12.0,-0.2749061,0.81012857,0.5135278,-2.5336123,57.756268,-0.360678,0.08577190115737915,1.628869,-0.8187404303970336,2.009151,-1.4956231894264223,2.580384,-5.113996251281739,-73.153161,130.90942854760743
8330,13,13.0,-0.3300677,1.4691359,0.8522408,-1.1374186,30.232885,-0.315733,-0.01433469418716432,0.610078,0.8590578804702759,1.582071,-0.7298301991424561,3.769033,-4.906451627738953,-75.881468,106.11435336071777
8330,14,14.0,-0.34667885,1.6502101,0.92076886,2.6249716,0.54478675,-0.241939,-0.10473985303497316,-0.563164,2.21337414213562,-0.216012,1.1367808570022584,3.7177,-1.0927283718109129,-44.517732,45.0625187512703
10405,0,0.0,-0.88928735,4.5583243,-0.7594082,29.154589,13.214196,-1.069564,0.18027664743804928,3.80085,0.7574743370056152,-0.80631,0.04690182405471799,18.923661,10.230927699340821,9.636997,3.577199205139161
10405,1,1.0,-0.23117973,4.5593743,-0.42171353,48.00305,-34.12106,-0.286785,0.05560527089595796,3.48103,1.0783443324279784,-0.419196,-0.0025175310173034537,51.47004,-3.4669882421874973,-35.851093,1.7300335822753894
10405,2,2.0,0.5916216,3.8003008,0.22443473,44.14469,-77.71476,0.530814,0.06080757773971557,2.811858,0.9884428365631104,0.099599,0.12483573339080811,53.201489,-9.056797532714846,-50.574252,-27.140507826660155
10405,3,3.0,1.1796231,2.4120777,0.9065795,24.792099,-107.947136,1.408543,-0.22891987301635752,1.646137,0.7659406653289795,0.9827,-0.07612050552368166,25.405646,-0.6135470009765633,-55.416429,-52.53070692529297
10405,4,4.0,1.3333648,0.4145448,1.3480207,-0.07521721,-113.98111,1.571255,-0.23789015567779548,0.73497,-0.32042520901679994,1.455765,-0.10774432720184324,-5.653042,5.577824790243626,-58.226581,-55.75452861914062
10405,5,5.0,1.075061,-1.6398767,1.6099601,-22.100082,-96.78401,1.368842,-0.2937810363693236,-0.0289,-1.6109767232894898,1.558535,0.05142507919311523,-28.080952,5.980869602539062,-66.848612,-29.93539984082031
10405,6,6.0,0.5887029,-2.8232322,1.5732846,-31.801788,-63.19266,0.587583,0.001119917098999057,-1.530653,-1.2925791739196777,1.056111,0.5171736260070801,-42.654491,10.852702669921875,-72.803156,9.61049471459961
10405,7,7.0,0.051082008,-3.3489685,1.1406566,-28.140394,-18.65094,0.052449,-0.0013669924130439784,-2.388739,-0.9602295058593748,0.442283,0.698373590461731,-41.278347,13.137952789184567,-59.50092,40.84998005859375
10405,8,8.0,-0.3760274,-3.1614087,0.43078992,-16.712395,26.384247,-0.682366,0.3063385947380066,-3.095254,-0.06615466279602034,-0.701461,1.1322509177074433,-25.609116,8.896721285644531,-4.429492,30.813738826171875
10405,9,9.0,-0.5706085,-2.2901967,-0.3367061,-3.1827917,52.437237,-0.958123,0.38751450333404536,-2.766478,0.4762813428192141,-1.214549,0.8778428981056214,-7.822719,4.639927290100098,42.025479,10.411757785888675
10405,10,10.0,-0.54785746,-1.09672,-0.9297049,6.82885,59.896,-0.948007,0.4001495366401673,-1.881954,0.7852340197601317,-1.284617,0.3549120954437255,8.531345,-1.7024952075195312,67.067624,-7.171624091552729
10405,11,11.0,-0.39981383,-0.033270605,-1.2173302,10.664549,53.74721,-0.793742,0.3939281691474914,-1.100836,1.0675653950915336,-1.113381,-0.10394921736145024,17.795678,-7.131129126098632,65.679495,-11.932283543701175
10405,12,12.0,-0.2369539,0.5753284,-1.129225,8.072081,35.81526,-0.35293,0.11597610073566439,0.079648,0.49568040967178345,-0.460603,-0.6686220156402588,21.934256,-13.862175387817384,48.373283,-12.558021159179688
10405,13,13.0,-0.17438404,0.62352777,-0.6974781,-0.7895803,16.013458,-0.079363,-0.09502104262065887,0.724369,-0.10084123472595219,0.118458,-0.8159361155586242,14.112121,-14.901701285549164,42.430017,-26.416558748046874
10405,14,14.0,-0.29442233,0.3870134,-0.1072767,-11.926751,9.512899,-0.012202,-0.28222032847213746,1.807832,-1.420818594438553,0.790112,-0.897388700437069,-6.969034,-4.957717136779785,61.74745,-52.23455060119629
