column,mean,std,min,max,p05,p95,autocorr_s,noise_std
Pitch(градусы),-0.0019312029762380979,0.4819870841120057,-2.614934,2.587577,-0.8005523999999999,0.837478599999999,3.0,0.39424203077095105
Roll(градусы),0.016319617489399148,3.341034803033781,-18.553286,19.619817,-5.525000799999999,5.584325099999975,3.0,2.3909953956103327
Vertical(Метр),0.06950012785022802,0.8530617544431329,-4.051785,4.314769,-1.3808939999999998,1.5664985999999996,2.0,0.7603067122297409
Velocity.Rolling(°/мин),-0.1005655996479718,106.94174316596093,-638.853092,663.498388,-174.1973681,171.7487991999991,3.0,81.94743085846488
Velocity.Pitching(°/мин),-0.019181375470037596,17.38195699476066,-97.796989,107.202505,-29.847201699999996,28.78129249999999,2.0,16.592669644989382
Wave.Highest(метры),7.458153819825586,3.611586565625146,1.48,10.8,1.85,10.8,300.0,0.007271439765635529
Swell(метры),4.207800105688455,0.9430276672272195,2.13,5.0,2.38,5.0,300.0,0.0019273102626905568
Wave.direction(градусы),180.0,0.0,180.0,180.0,180.0,180.0,,0.0
Wind.direction(градусы),0.0,0.0,0.0,0.0,0.0,0.0,,0.0
Rudder State(градусы),-1.8922444313145057,23.266363439909618,-35.0,35.0,-34.0,31.0,300.0,0.3177920881114859
Rudder Order(градусы),-2.0095830022401793,23.386951178994742,-35.0,35.0,-34.0,31.0,300.0,1.2127890640642502
ROT(°/мин),0.3276760468837503,13.805465801086033,-46.0,41.0,-19.711433099999997,24.0,139.0,1.0021661822181738
SOG(узлы),6.014374636210897,1.6682327493302185,2.616085,9.311148,3.1877416,8.339093,300.0,0.016956923638684757
Course(градусы),207.9040869397552,104.55538966545622,0.078788,359.942772,21.084729100000008,333.6834484,300.0,6.787678500688201
RPM(Обороты в минуту),62.98400814337147,21.46392872782749,0.0,91.05199,0.0,87.3051299,300.0,1.0933936879387227
