Pitch(градусы)	Roll(градусы)	Vertical(Метр)	Velocity.Pitching(°/мин)	Velocity.Rolling(°/мин)	Velocity.Vertical(узлы)	Velocity.Yawing(°/мин)	Swell(метры)	Wave.Highest(метры)	Wave.current(метры)	Wave.direction(градусы)	Swell.direction(градусы)	Wind.direction(градусы)	Current.direction(градусы)	Wave.speed(узлы)	Current.speed(узлы)	Rudder Order(градусы)	Rudder State(градусы)	RPM(Обороты в минуту)	Long(градусы)	Lat(градусы)	STW(узлы)	SOG(узлы)	ROT(°/мин)	Course(градусы)	Moment Yawing(тс*м)	Moment Rolling(тс*м)	Moment Pitching(тс*м)	Force Vertical(тс)	Force Summary(тс)	Force Longitudinal(тс)	Force Lateral(тс)	Wind.Moment Yawing(тс*м)	Wind.Moment Rolling(тс*м)	Wind.Moment Pitching(тс*м)	Wind.Force Vertical(тс)	Wind.Force Summary(тс)	Wind.Force Longitudinal(тс)	Wind.Force Lateral(тс)
-0.000217	0.601227	-0.395618	-0.228365	18.882473	0.230978	15.394366	3.8	4.7	3.281402	180.0	180.0	0.0	0.0	27.038877	1.49676	2.0	2.0	50.326434	-9.390095	49.754389	5.792657	5.520518	15.0	259.3584	4081.671691	-9519.381077	-1309.392687	7641.492823	7643.270504	-2.880174	164.555086	353.464275	-224.071822	0.0	0.0	28.009331	-0.140397	-28.008978
-0.003381	0.659145	-0.002589	-0.122873	-10.561234	1.156256	15.681179	3.8	4.7	0.770322	180.0	180.0	0.0	0.0	27.038877	1.49676	2.0	2.0	50.789684	-9.390135	49.754388	5.792657	5.520518	15.0	259.617905	-609.567007	-7829.966808	-2147.707772	2291.867416	2301.520295	-6.441575	146.765084	353.989179	-224.417824	0.0	0.0	28.052754	-0.171649	-28.052228
-0.003388	0.304801	0.573706	0.111155	-28.217561	0.74712	15.130159	3.8	4.7	-2.731188	180.0	180.0	0.0	0.0	27.038877	1.49676	2.0	2.0	49.888396	-9.390174	49.754386	5.778992	5.506854	14.372792	259.804095	-9847.681445	-3243.77967	-1363.30375	-8005.824746	8007.260122	-6.661233	145.083756	354.494942	-224.752176	0.0	0.0	28.094764	-0.204025	-28.094022
-0.000557	-0.117419	0.644252	0.259427	-29.961624	-0.41575	14.08125	3.8	4.7	-3.261981	180.0	180.0	0.0	0.0	27.038877	1.49676	2.0	2.0	49.906724	-9.39021	49.754385	5.780942	5.528243	13.633495	260.08733	-12345.074989	3429.786066	199.900546	-8579.782945	8581.54222	-1.06352	171.303933	354.946247	-225.048774	0.0	0.0	28.132028	-0.228808	-28.131097
0.003442	-0.442016	0.267292	0.2867	-13.714603	-1.311856	13.104895	3.8	4.7	-1.21	180.0	180.0	0.0	0.0	27.038877	1.49676	2.0	2.0	50.592368	-9.390254	49.754383	5.812095	5.559395	12.0	260.348586	-6980.46384	8538.408406	1797.784206	-1715.029543	1727.08419	3.328303	203.672256	355.501736	-225.41065	0.0	0.0	28.177457	-0.251836	-28.176331
0.007668	-0.446675	-0.448879	0.056197	4.556055	-0.318472	13.165545	3.8	4.7	3.503832	180.0	180.0	0.0	0.0	27.058315	1.49676	2.0	2.0	50.280478	-9.390296	49.754382	5.773218	5.520518	13.0	260.5582	5749.412544	-1120.517036	2646.11777	7822.271875	7824.315988	-7.52961	178.450011	356.535801	-226.081938	0.0	0.0	28.261722	-0.289174	-28.260242
0.007117	-0.418454	-0.339994	-0.1073	-1.27351	0.589726	13.714114	3.8	4.7	2.38379	180.0	180.0	0.0	0.0	27.058315	1.49676	2.0	2.0	49.615309	-9.390336	49.754381	5.773218	5.520518	13.0	260.788454	2654.650662	-1456.613716	1904.514645	2277.240103	2285.095965	-7.99453	150.079045	357.116017	-226.461106	0.0	0.0	28.309403	-0.316002	-28.307638
0.004939	-0.436338	-0.066698	-0.187354	1.392449	0.534404	13.674521	3.8	4.7	-0.33	180.0	180.0	0.0	0.0	27.058315	1.49676	2.0	2.0	50.017967	-9.390376	49.75438	5.75378	5.529321	13.0	261.018387	-4087.085557	4911.251473	813.764716	-3112.439068	3116.28724	-7.155836	152.719177	357.568999	-226.758506	0.0	0.0	28.346855	-0.340173	-28.344813
0.000762	-0.228107	0.074561	-0.239496	15.336364	0.011631	12.870167	3.8	4.7	-1.836231	180.0	180.0	0.0	0.0	27.058315	1.49676	2.0	2.0	50.70419	-9.390416	49.754379	5.75378	5.539957	12.302267	261.190985	-8287.503634	-3237.112951	-956.695698	-1155.107724	1174.081309	-3.747107	161.635655	358.215988	-227.181742	0.0	0.0	28.400143	-0.371097	-28.397718
-0.002016	-0.113741	0.061632	-0.196695	1.47121	-0.050691	12.231098	3.8	4.7	-1.446019	180.0	180.0	0.0	0.0	27.058315	1.49676	2.0	2.0	50.320169	-9.390451	49.754378	5.75378	5.539957	11.845036	261.433122	-6906.521342	-7253.312036	-1882.666013	166.498228	458.634502	-1.351844	173.277685	358.662806	-227.473095	0.0	0.0	28.436815	-0.390255	-28.434137
-0.003764	-0.382925	0.131427	0.040989	-20.065825	0.309697	11.780268	3.8	4.7	0.678526	180.0	180.0	0.0	0.0	27.058315	1.49676	2.0	2.0	49.420599	-9.390497	49.754377	5.75378	5.539957	11.0	261.638571	69.599746	1054.684258	-1752.319767	1745.04338	1753.873345	1.000004	171.756644	359.510796	-228.024587	0.0	0.0	28.506216	-0.423217	-28.503073
-0.001846	-0.597203	0.317129	0.166692	-3.070862	0.375051	11.874559	3.8	4.7	1.511953	180.0	180.0	0.0	0.0	27.058315	1.49676	2.0	2.0	49.785596	-9.390537	49.754377	5.75378	5.539957	11.0	261.838077	1203.131748	9385.287119	-596.302185	-2103.409304	2179.396282	3.902988	169.867867	360.125985	-228.424675	0.0	0.0	28.556586	-0.447126	-28.553084
0.000829	-0.41855	0.385458	0.137535	20.367448	-0.205127	11.902781	3.8	4.7	0.814217	180.0	180.0	0.0	0.0	27.077754	1.49676	2.0	2.0	50.529399	-9.390577	49.754377	5.75378	5.539957	11.0	262.0384	-1458.412555	1871.171139	331.380047	-5259.586883	5261.951416	-2.663403	153.712619	360.736022	-228.822124	0.0	0.0	28.606669	-0.472503	-28.602766
0.002229	-0.10355	0.028168	0.03857	10.143342	-1.037805	11.526806	3.8	4.7	-0.858712	180.0	180.0	0.0	0.0	27.077754	1.49676	2.0	2.0	50.390671	-9.390616	49.754376	5.746287	5.539957	11.0	262.178725	-4895.412067	-6737.85306	525.58144	-2694.922972	2699.880733	-8.643874	151.85759	361.322966	-229.205174	0.0	0.0	28.654982	-0.498433	-28.650647
0.002473	-0.090523	-0.422905	0.006026	-6.826884	-0.879812	11.12034	3.8	4.7	-0.073096	180.0	180.0	0.0	0.0	27.077754	1.49676	2.0	2.0	49.69509	-9.390657	49.754376	5.734341	5.539957	10.619433	262.399592	-2815.969358	-5177.631752	491.590064	5513.553533	5522.116528	-3.634244	163.793847	361.827696	-229.533656	0.0	0.0	28.696394	-0.51859	-28.691707
0.002595	-0.245657	-0.632508	0.009683	-17.904235	-0.017726	11.030067	3.8	4.7	1.34	180.0	180.0	0.0	0.0	27.077754	1.49676	2.0	2.0	49.297583	-9.390693	49.754376	5.734341	5.539957	11.0	262.608969	1184.482699	-3750.154995	548.297697	8523.052096	8524.463941	-1.84332	155.129137	362.299838	-229.840533	0.0	0.0	28.735076	-0.536516	-28.730067
0.003368	-0.722174	-0.038477	0.032911	-14.001336	1.298838	11.163279	3.8	4.7	0.506853	180.0	180.0	0.0	0.0	27.077754	1.49676	2.0	2.0	49.970882	-9.390738	49.754376	5.734341	5.539957	11.0	262.789495	-474.785195	6797.227069	943.65745	631.785709	959.619956	-5.868653	155.82213	363.101951	-230.362901	0.0	0.0	28.800991	-0.569365	-28.795363
0.003599	-0.819671	0.538471	-0.014344	-1.287038	0.792568	10.899366	3.8	4.7	-0.839453	180.0	180.0	0.0	0.0	27.077754	1.49676	2.0	2.0	50.544905	-9.390778	49.754376	5.734341	5.539957	10.0	262.9786	-5396.101269	1714.6528	890.136491	-7273.473774	7274.997387	-0.287592	143.79887	363.65285	-230.721984	0.0	0.0	28.846337	-0.592663	-28.840248
0.002989	-0.7873	0.643978	-0.066706	6.759809	-0.290129	10.260651	3.8	4.7	-1.596202	180.0	180.0	0.0	0.0	27.086727	1.49676	2.0	2.0	50.338979	-9.390818	49.754377	5.734341	5.556043	9.369119	263.157798	-7327.836183	4715.40622	483.133203	-7306.573582	7308.272802	4.561259	155.147012	364.140166	-231.039302	0.0	0.0	28.886408	-0.612522	-28.879913
0.001027	-0.472653	0.204068	-0.129755	27.735037	-0.952406	9.634217	3.8	4.7	0.556317	180.0	180.0	0.0	0.0	27.097192	1.49676	2.0	2.0	49.553364	-9.390857	49.754377	5.748233	5.573287	9.0	263.284363	-721.922849	5794.913217	-490.756097	1616.217234	2267.667351	7.967512	176.678687	364.863028	-231.507913	0.0	0.0	28.945502	-0.637096	-28.938489
-0.000955	-0.049466	-0.092069	-0.157016	37.118884	-0.486749	9.82588	3.8	4.7	3.08415	180.0	180.0	0.0	0.0	27.097192	1.49676	2.0	2.0	49.197788	-9.390892	49.754378	5.729822	5.559395	9.23192	263.464662	5976.095987	-82.419758	-1337.951951	5875.07127	5877.417869	1.217288	165.336267	365.386468	-231.846645	0.0	0.0	28.988198	-0.653486	-28.980831
-0.004183	0.537382	-0.02916	-0.095969	10.122192	0.516535	10.65317	3.8	4.7	2.157018	180.0	180.0	0.0	0.0	27.097192	1.49676	2.0	2.0	49.476156	-9.390939	49.754378	5.719192	5.559395	10.0	263.648932	3480.649024	-10936.646895	-2358.007531	1470.018818	1480.867415	-10.409068	130.781913	366.105725	-232.314469	0.0	0.0	29.047306	-0.681571	-29.039309
-0.004361	0.426463	0.224175	0.07884	-20.482249	0.336228	10.655133	3.8	4.7	-1.006713	180.0	180.0	0.0	0.0	27.097192	1.49676	2.0	2.0	50.240778	-9.390979	49.754379	5.732184	5.576676	10.0	263.828431	-4383.882072	-6683.935017	-1844.63964	-3271.611673	3274.123529	-6.851668	126.695401	366.578665	-232.623949	0.0	0.0	29.086525	-0.704413	-29.077994
-0.001603	-0.007628	0.242596	0.234792	-30.610737	-0.258482	9.929639	3.8	4.7	-2.481064	180.0	180.0	0.0	0.0	27.097192	1.49676	2.0	2.0	50.485062	-9.391019	49.75438	5.714903	5.559395	9.01391	264.008252	-9084.448726	966.328057	-284.121503	-3733.665162	3736.642667	-2.185363	147.366546	367.05972	-232.937819	0.0	0.0	29.126265	-0.725488	-29.117227
0.00173	-0.355261	0.079083	0.277318	-24.752414	-0.555315	9.221848	3.8	4.7	-1.909375	180.0	180.0	0.0	0.0	27.097192	1.49676	2.0	2.0	50.186062	-9.391059	49.754381	5.714903	5.559395	8.097614	264.152742	-7587.942453	3680.249496	1119.53056	-485.266899	1305.709691	1.904464	159.118961	367.50265	-233.225186	0.0	0.0	29.162566	-0.741079	-29.153148
0.006449	-0.610586	-0.139484	0.159444	2.784637	-0.003872	8.720049	3.8	4.7	1.18488	180.0	180.0	0.0	0.0	27.102311	1.49676	2.0	2.0	49.407789	-9.391098	49.754382	5.720022	5.564514	8.19306	264.275216	1096.897083	9891.744935	2526.922757	5038.460546	5041.252054	1.782646	167.625408	368.301234	-233.74136	0.0	0.0	29.227675	-0.764656	-29.21767
0.007547	-0.461111	-0.038937	0.006504	18.980683	0.568481	8.938084	3.8	4.7	2.21	180.0	180.0	0.0	0.0	27.116631	1.49676	2.0	2.0	49.075167	-9.391132	49.754383	5.734341	5.578834	9.0	264.44	3914.721635	1011.709214	2451.781892	3601.127751	3603.927005	3.131926	141.982274	368.767418	-234.043046	0.0	0.0	29.265757	-0.779267	-29.255381
0.004535	0.058232	0.4132	-0.229286	30.047744	0.474668	9.286166	3.8	4.7	0.726647	180.0	180.0	0.0	0.0	27.116631	1.49676	2.0	2.0	49.200946	-9.39118	49.754385	5.714903	5.575854	9.0	264.609192	466.36546	3667.561499	540.560683	-3664.483392	3667.120897	5.354533	132.874713	369.471534	-234.501237	0.0	0.0	29.323759	-0.806888	-29.312655
-0.00043	0.617562	0.484428	-0.290437	26.924805	-0.208196	9.225588	3.8	4.7	0.012437	180.0	180.0	0.0	0.0	27.116631	1.49676	2.0	2.0	49.82091	-9.39122	49.754386	5.714903	5.578834	9.0	264.768627	-1657.120806	-8136.57963	-1555.299016	-3738.893095	3741.220827	-4.091164	131.57929	370.016522	-234.855736	0.0	0.0	29.368659	-0.8286	-29.356967
-0.004218	0.747528	0.272088	-0.174453	-11.890557	-0.620788	8.923671	3.8	4.7	-0.607842	180.0	180.0	0.0	0.0	27.116631	1.49676	2.0	2.0	50.314119	-9.39126	49.754388	5.714903	5.588162	8.0	264.918969	-4040.229739	-13741.852276	-2629.935015	-1236.086822	1249.338575	-8.410851	130.305626	370.478356	-235.156187	0.0	0.0	29.406718	-0.846776	-29.394523
-0.004793	0.198659	-0.089751	0.093078	-42.48048	-0.618239	8.513916	3.8	4.7	0.329342	180.0	180.0	0.0	0.0	27.116631	1.49676	2.0	2.0	50.349881	-9.391299	49.754389	5.700623	5.583993	8.0	265.0173	-1886.026809	-1227.008246	-1979.539782	1602.437042	1611.288365	-0.860882	143.313731	371.054952	-235.530336	0.0	0.0	29.454062	-0.867217	-29.441292
-0.002322	-0.325971	-0.272928	0.243974	-36.061825	-0.256769	8.425806	3.8	4.7	0.61137	180.0	180.0	0.0	0.0	27.116631	1.49676	2.0	2.0	50.018666	-9.391339	49.754391	5.717706	5.601076	8.0	265.175749	-153.904883	6068.03969	-539.093106	4869.127805	4871.201372	2.458386	141.833308	371.501492	-235.819664	0.0	0.0	29.490652	-0.882043	-29.477458
0.001807	-0.730667	-0.248921	0.292507	-20.32392	0.363842	8.425965	3.8	4.7	-0.13	180.0	180.0	0.0	0.0	27.116631	1.49676	2.0	2.0	49.507797	-9.391379	49.754393	5.676026	5.559395	8.0	265.339109	-811.201911	4913.230307	1201.688906	3126.661575	3129.107886	2.648136	123.679196	371.959176	-236.116751	0.0	0.0	29.528267	-0.898501	-29.514594
0.007094	-0.975867	0.132236	0.125144	-0.31739	0.508235	7.933642	3.8	4.7	-2.463068	180.0	180.0	0.0	0.0	27.136069	1.49676	2.0	2.0	48.934255	-9.391422	49.754394	5.695464	5.578834	7.009793	265.479118	-5525.034716	7875.675646	2676.865066	-1833.233901	1839.546741	0.494498	128.450848	372.621777	-236.547761	0.0	0.0	29.582918	-0.924459	-29.56847
0.007345	-0.687197	0.287708	-0.08448	39.491924	0.095104	7.386387	3.8	4.7	-0.641818	180.0	180.0	0.0	0.0	27.136069	1.49676	2.0	2.0	48.947509	-9.391463	49.754397	5.695464	5.578834	7.0	265.609192	-2969.965182	14543.537531	2081.489669	-2562.311131	2565.351223	3.148273	163.016798	373.200277	-236.921647	0.0	0.0	29.630167	-0.941457	-29.615206
0.004687	0.029307	0.275208	-0.25657	60.27867	-0.110868	7.359165	3.8	4.7	2.194556	180.0	180.0	0.0	0.0	27.136069	1.49676	2.0	2.0	49.11795	-9.391504	49.754399	5.695464	5.587286	7.0	265.728923	2945.627491	1104.86734	495.03699	-876.190723	892.245227	8.115315	159.152098	373.745202	-237.273011	0.0	0.0	29.674515	-0.955541	-29.659126
-0.001499	1.003471	0.185237	-0.333577	34.194526	-0.199566	8.005155	3.8	4.7	3.635327	180.0	180.0	0.0	0.0	27.136069	1.49676	2.0	2.0	49.610778	-9.391543	49.754401	5.695464	5.598272	7.56691	265.825669	5511.821746	-17665.492883	-2111.487807	-789.021199	802.935126	-4.491451	109.989809	374.371674	-237.678415	0.0	0.0	29.725801	-0.975154	-29.709802
-0.005225	1.162157	0.087311	-0.224012	-13.40312	-0.332945	8.316316	3.8	4.7	1.282813	180.0	180.0	0.0	0.0	27.136069	1.49676	2.0	2.0	50.022036	-9.391577	49.754403	5.694699	5.597507	7.973205	265.981205	699.57688	-19526.150321	-3171.70507	-1389.90109	1392.895295	-9.424994	90.66075	374.663445	-237.869092	0.0	0.0	29.750069	-0.988657	-29.733637
-0.005329	0.274565	-0.20035	0.172358	-45.414417	-0.316189	7.821771	3.8	4.7	-2.437711	180.0	180.0	0.0	0.0	27.136069	1.49676	2.0	2.0	50.339479	-9.391627	49.754406	5.691249	5.594057	7.0	266.129293	-6136.344672	3491.377712	-1916.623389	3825.540656	3827.975622	1.660194	118.590037	375.208495	-238.22511	0.0	0.0	29.79538	-1.01346	-29.778139
-0.000716	-0.37972	-0.184466	0.321047	-34.069404	0.381471	7.134603	3.8	4.7	-2.675665	180.0	180.0	0.0	0.0	27.136069	1.49676	2.0	2.0	50.082397	-9.391668	49.754408	5.695464	5.598272	6.33945	266.259118	-6245.73841	2574.286901	330.685703	3659.449161	3661.708191	4.380568	126.720504	375.703658	-238.546326	0.0	0.0	29.836103	-1.0308	-29.818291
0.004389	-0.849388	0.075553	0.296856	-26.716519	0.563106	6.591974	3.8	4.7	-0.985709	180.0	180.0	0.0	0.0	27.155508	1.49676	2.0	2.0	49.685191	-9.391709	49.754411	5.711847	5.614655	6.0	266.369118	-3631.682904	3601.314293	2200.797405	-1919.273019	1927.584546	4.345214	142.320779	376.216574	-238.877766	0.0	0.0	29.878027	-1.045732	-29.859721
0.008465	-1.161188	0.234666	0.126998	-4.469025	-0.068635	6.460907	3.8	4.7	1.256509	180.0	180.0	0.0	0.0	27.155508	1.49676	2.0	2.0	49.240592	-9.391749	49.754413	5.695464	5.598272	6.0	266.449169	1313.314702	9891.829924	3205.373764	-5032.395048	5034.184198	5.360775	133.639303	376.850131	-239.286365	0.0	0.0	29.929654	-1.062308	-29.910796
0.008857	-1.031871	0.086298	-0.056819	22.918822	-0.571739	6.611813	3.8	4.7	1.421972	180.0	180.0	0.0	0.0	27.155508	1.49676	2.0	2.0	48.98791	-9.391789	49.754416	5.695464	5.598272	6.0	266.573797	2186.158169	10961.569651	2749.264402	-2046.64846	2188.506493	4.756645	123.774364	377.284251	-239.566849	0.0	0.0	29.96514	-1.074855	-29.945856
0.006733	-0.5438	-0.175442	-0.239229	51.339732	-0.575132	6.805719	3.8	4.7	0.84	180.0	180.0	0.0	0.0	27.155508	1.49676	2.0	2.0	48.855889	-9.391827	49.754419	5.695464	5.598272	6.0	266.699388	1974.279673	11513.17943	1334.971814	2608.587683	2611.31786	0.315592	119.378252	377.69417	-239.83212	0.0	0.0	29.99874	-1.087694	-29.979015
-0.001534	0.780085	-0.262237	-0.36287	36.456678	0.371057	6.981753	3.8	4.7	-0.901252	180.0	180.0	0.0	0.0	27.155508	1.49676	2.0	2.0	48.86139	-9.391873	49.754422	5.695464	5.598272	6.55665	266.819184	-1116.800761	-18476.536271	-2227.581852	3918.905504	3920.1943	-4.952088	99.277927	378.298047	-240.224284	0.0	0.0	30.048538	-1.109834	-30.028035
-0.006244	0.894234	0.034367	-0.178453	-18.16306	0.679865	6.715128	3.8	4.7	-0.26	180.0	180.0	0.0	0.0	27.155508	1.49676	2.0	2.0	48.993745	-9.391914	49.754425	5.704977	5.607785	6.0	266.929192	-3173.374046	-10223.131756	-3416.055411	-597.617656	1332.726246	-3.272775	128.138338	378.741712	-240.512022	0.0	0.0	30.085052	-1.125206	-30.064003
-0.006866	0.495407	0.284978	0.060555	-33.259615	0.406036	6.510284	3.8	4.7	1.8082	180.0	180.0	0.0	0.0	27.164184	1.49676	2.0	2.0	49.198692	-9.391955	49.754428	5.695464	5.617711	6.0	267.039375	-618.95724	-1891.151227	-2864.917409	-3499.905696	3502.404917	3.058377	130.545967	379.221095	-240.821519	0.0	0.0	30.124213	-1.138521	-30.10269
-0.003074	-0.190809	0.307961	0.289906	-38.965397	-0.359557	6.492555	3.821234	4.770781	0.977909	180.0	180.0	0.0	0.0	27.174946	1.49676	2.0	2.0	49.431666	-9.391994	49.754431	5.695464	5.617711	6.0	267.127114	-18.934345	-5564.846264	-656.287006	-4494.165896	4495.097995	-0.745669	91.415326	379.748261	-241.163088	0.0	0.0	30.167544	-1.156024	-30.145386
0.001015	-0.722833	0.092227	0.346455	-49.186694	-0.758417	6.399889	3.83	4.8	-0.941225	180.0	180.0	0.0	0.0	27.174946	1.49676	2.0	2.0	48.900927	-9.392036	49.754434	5.69251	5.617711	5.908012	267.251523	-2866.555508	-2887.685363	1089.031843	-1755.924212	2139.923638	-4.428825	87.368679	380.013587	-241.335834	0.0	0.0	30.189535	-1.166784	-30.166979
0.00827	-1.74414	-0.350908	0.235929	-33.631788	-0.295987	5.687233	3.83	4.8	-3.079078	180.0	180.0	0.0	0.0	27.174946	1.49676	2.0	2.0	48.812894	-9.392078	49.754438	5.676026	5.617711	5.0	267.358932	-5967.009978	11853.009912	3483.480487	5530.887824	5532.112006	1.481764	116.306699	380.550804	-241.684229	0.0	0.0	30.233774	-1.185358	-30.210529
0.010369	-1.941805	-0.268122	0.000784	10.72182	0.570974	5.149734	3.83	4.8	-1.528442	180.0	180.0	0.0	0.0	27.174946	1.49676	2.0	2.0	48.856224	-9.392119	49.754441	5.676026	5.617711	5.0	267.4493	-3113.030101	15232.961073	3505.71944	3497.284668	3500.38521	7.766481	139.54284	381.094839	-242.034624	0.0	0.0	30.278057	-1.198495	-30.254328
0.008218	-1.420336	0.093514	-0.234045	50.424701	0.788504	5.027866	3.83	4.8	1.816113	180.0	180.0	0.0	0.0	27.174946	1.49676	2.0	2.0	48.903513	-9.39216	49.754445	5.676026	5.617711	5.0	267.529057	1646.394229	7849.42133	1916.950051	-792.828211	1272.126994	7.668626	145.079522	381.693191	-242.419037	0.0	0.0	30.326555	-1.210679	-30.30238
0.004726	-0.791659	0.344551	-0.349505	59.468833	0.614399	5.237586	3.83	4.8	3.68716	180.0	180.0	0.0	0.0	27.174946	1.49676	2.0	2.0	48.945885	-9.3922	49.754448	5.695417	5.617711	5.0	267.579952	4440.418464	-1091.225311	213.010552	-3277.092506	3279.244264	3.392493	118.569098	382.094257	-242.676904	0.0	0.0	30.359109	-1.219316	-30.334613
-0.003266	0.328436	0.44996	-0.344783	48.870189	-0.282627	5.740732	3.83	4.8	1.725251	180.0	180.0	0.0	0.0	27.179437	1.49676	2.0	2.0	49.124066	-9.392239	49.754452	5.676026	5.617711	5.0	267.694621	2686.009645	-6361.464484	-2816.048601	-3627.023292	3628.082689	-1.261649	79.023199	382.609068	-243.010049	0.0	0.0	30.401369	-1.235429	-30.376256
-0.007267	0.849101	0.269323	-0.22245	27.163759	-0.560662	5.882182	3.83	4.8	-0.46	180.0	180.0	0.0	0.0	27.194384	1.49676	2.0	2.0	49.323579	-9.392275	49.754455	5.676026	5.617711	5.0	267.809208	-248.477333	-10149.032863	-3942.743538	-261.48854	272.432076	4.672316	76.296452	382.855194	-243.170551	0.0	0.0	30.421847	-1.246012	-30.396319
-0.008278	0.988945	0.036577	0.132908	-14.698858	0.017377	5.608182	3.83	4.8	-2.095578	180.0	180.0	0.0	0.0	27.194384	1.49676	2.0	2.0	49.700099	-9.392324	49.75446	5.676026	5.637149	5.0	267.909394	-2963.765861	-11183.328045	-3161.584632	3019.573223	3021.36079	-0.604832	102.202914	383.39104	-243.518426	0.0	0.0	30.466094	-1.265404	-30.439803
-0.004084	0.495015	0.104514	0.331537	-40.674825	0.111016	5.230691	3.83	4.8	-0.98115	180.0	180.0	0.0	0.0	27.194384	1.49676	2.0	2.0	49.882499	-9.392365	49.754464	5.676026	5.637149	5.0	267.999485	-3545.864942	-2568.351099	-906.445339	-2516.888881	2523.123871	-1.180391	122.375552	383.856536	-243.818906	0.0	0.0	30.504155	-1.278212	-30.477363
0.001458	-0.066702	0.063484	0.373616	-31.092477	-0.2908	4.993581	3.83	4.8	1.444679	180.0	180.0	0.0	0.0	27.194384	1.49676	2.0	2.0	49.979533	-9.392405	49.754468	5.676026	5.637149	4.264423	268.06514	-621.701204	9263.408473	1342.507828	-2644.232363	2647.801643	3.140564	136.46466	384.355822	-244.140006	0.0	0.0	30.544718	-1.289158	-30.517501
0.007264	-0.305322	-0.191262	0.225383	4.416778	-0.504888	5.082863	3.83	4.8	2.563704	180.0	180.0	0.0	0.0	27.194384	1.49676	2.0	2.0	50.06851	-9.392445	49.754471	5.676026	5.637149	5.0	268.137949	1508.165276	8092.384782	3066.433139	1107.696836	1385.546646	6.938672	106.116819	384.949043	-244.521852	0.0	0.0	30.59299	-1.302946	-30.565231
0.008957	-0.148938	-0.338176	0.044857	17.244409	-0.178887	5.199864	3.83	4.8	1.161111	180.0	180.0	0.0	0.0	27.194384	1.49676	2.0	2.0	50.119833	-9.392486	49.754476	5.676026	5.637149	5.0	268.242228	1089.067671	656.834687	3114.293181	4309.148418	4309.922275	5.654521	80.404283	385.269053	-244.728884	0.0	0.0	30.619268	-1.312838	-30.591111
0.006901	0.085754	-0.143924	-0.196127	-1.958975	0.738255	5.171367	3.83	4.8	-2.296766	180.0	180.0	0.0	0.0	27.194384	1.49676	2.0	2.0	50.15876	-9.392526	49.75448	5.676026	5.637149	5.0	268.339029	-1646.746831	-8127.505641	1539.619354	3387.220201	3388.178219	1.56181	79.149406	385.684911	-244.999388	0.0	0.0	30.653752	-1.329119	-30.624923
0.003231	-0.143001	0.319831	-0.233305	-21.364562	0.920373	4.914892	3.83	4.8	-1.882271	180.0	180.0	0.0	0.0	27.213823	1.49676	2.0	2.0	50.117535	-9.39257	49.754484	5.676026	5.637149	4.0	268.419548	-2803.520202	214.800125	27.292348	-1978.225415	2194.700593	1.341943	111.271587	386.087676	-245.25988	0.0	0.0	30.686817	-1.341386	-30.657485
-2.6e-05	-0.358379	0.605259	-0.183542	-0.128002	0.13821	4.703327	3.83	4.8	1.63206	180.0	180.0	0.0	0.0	27.213823	1.49676	2.0	2.0	50.034928	-9.392611	49.754489	5.676026	5.637149	4.0	268.499437	-200.757021	10174.84839	-1047.161516	-7688.22679	7689.353921	3.287848	130.9069	386.604747	-245.592447	0.0	0.0	30.728896	-1.352801	-30.699056
-0.002	-0.26515	0.494239	-0.12445	10.720155	-0.713736	4.795915	3.83	4.8	2.976923	180.0	180.0	0.0	0.0	27.213823	1.49676	2.0	2.0	49.981677	-9.392651	49.754493	5.676026	5.652764	4.0	268.573	2089.007455	-2530.923773	-1604.821	-6250.625412	6251.460846	4.261264	101.866531	386.997417	-245.844805	0.0	0.0	30.760758	-1.361779	-30.730601
-0.003143	-0.235249	-0.182781	0.008141	-7.810858	-1.30842	4.947853	3.83	4.8	1.065439	180.0	180.0	0.0	0.0	27.213823	1.49676	2.0	2.0	49.914375	-9.392689	49.754497	5.676026	5.656587	4.395257	268.644773	51.894387	-3107.980588	-1616.526927	1786.938595	1875.430579	-0.033713	84.109201	387.428604	-246.089659	0.0	0.0	30.791941	-1.375397	-30.761207
-0.002467	-0.355817	-0.624846	0.094011	-7.301875	-0.747037	4.920839	3.83	4.8	-0.14	180.0	180.0	0.0	0.0	27.213823	1.49676	2.0	2.0	49.838248	-9.392732	49.754502	5.676026	5.656587	4.0	268.74	-559.521394	5304.060833	-1087.354155	8286.991719	8287.4611	2.581409	88.165029	387.688907	-246.224592	0.0	0.0	30.809191	-1.384344	-30.778074
0.000447	-0.275214	-0.408455	0.132662	9.424936	1.215296	4.841288	3.83	4.8	-1.234709	180.0	180.0	0.0	0.0	27.213823	1.49676	2.0	2.0	44.682244	-9.392774	49.754507	5.676026	5.656587	4.0	268.829293	-726.425256	-487.177581	153.913285	5761.706487	5762.54219	0.785277	95.066495	388.190649	-246.487369	0.0	0.0	30.842752	-1.400881	-30.810921
0.002326	-0.177685	0.33356	0.093363	-0.013284	1.384988	4.749681	3.83	4.8	0.025863	180.0	180.0	0.0	0.0	27.213823	1.49676	2.0	2.0	32.398806	-9.392815	49.754512	5.676026	5.656587	4.0	268.909388	-985.994661	-4918.483818	758.131082	-4362.812824	4364.486011	-14.601249	101.802944	388.59025	-246.704369	0.0	0.0	30.870356	-1.412015	-30.838046
0.00341	-0.292763	0.744645	0.046839	-14.624311	0.298825	4.657848	3.83	4.8	1.927313	180.0	180.0	0.0	0.0	27.233261	1.49676	2.0	2.0	22.982432	-9.392856	49.754516	5.676026	5.656587	4.0	268.989118	-926.910313	-4686.894196	1029.516116	-9868.394576	9868.871329	-21.876264	93.840336	388.950131	-246.903159	0.0	0.0	30.895598	-1.421156	-30.862895
0.003936	-0.671066	0.472649	-0.001626	-25.606451	-1.167189	4.514668	3.83	4.8	0.872558	180.0	180.0	0.0	0.0	27.233261	1.49676	2.0	2.0	16.205985	-9.392895	49.754521	5.676026	5.656587	4.0	269.038158	-1510.114451	-440.743578	1067.215704	-5333.881219	5334.548708	-20.966217	78.816524	389.310187	-247.098042	0.0	0.0	30.920403	-1.431358	-30.887255
0.003818	-0.989226	-0.09361	-0.03292	-19.624536	-1.422475	4.40228	3.83	4.8	-0.7593	180.0	180.0	0.0	0.0	27.233261	1.49676	2.0	2.0	12.419736	-9.392936	49.754526	5.672637	5.650319	4.0	269.123241	-811.290611	6290.127418	907.204725	2888.089074	2889.717825	-17.405784	81.690921	389.561365	-247.232506	0.0	0.0	30.937541	-1.438868	-30.904063
0.003185	-1.12135	-0.586151	-0.067899	5.805604	-0.656784	4.368301	3.83	4.8	-1.35	180.0	180.0	0.0	0.0	27.233261	1.49676	2.0	2.0	8.720347	-9.392974	49.754531	5.656587	5.637149	4.0	269.20901	404.268568	13410.115972	537.417031	8927.231843	8927.730103	-17.44571	92.693354	389.848204	-247.388481	0.0	0.0	30.957387	-1.446804	-30.92356
0.000607	-0.44248	-0.338829	-0.121873	38.753022	1.080104	4.489213	3.83	4.8	0.090675	180.0	180.0	0.0	0.0	27.233261	1.49676	2.0	2.0	2.580646	-9.39302	49.754536	5.656587	5.637149	4.0	269.284559	273.299206	-127.314126	-619.328735	3017.961576	3021.022206	-24.680524	111.54495	390.419938	-247.709832	0.0	0.0	30.998125	-1.459865	-30.963729
-0.001515	0.146869	0.21945	-0.102787	31.135405	0.957356	4.508577	3.83	4.8	2.322362	180.0	180.0	0.0	0.0	27.233261	1.49676	2.0	2.0	0.087357	-9.393061	49.754542	5.656587	5.637149	4.0	269.358857	251.900373	-5611.115986	-1353.954521	-4254.372852	4255.8897	-21.884823	107.264448	390.862231	-247.961636	0.0	0.0	31.030002	-1.469123	-30.995204
-0.00258	0.430848	0.467028	-0.052414	15.162712	0.339017	4.528959	3.83	4.8	2.983613	180.0	180.0	0.0	0.0	27.241456	1.49676	2.0	2.0	0.0	-9.393102	49.754547	5.642234	5.637149	4.0	269.431623	42.866247	-8228.466332	-1584.49153	-6302.559177	6303.087226	-21.110777	78.742036	391.138289	-248.11455	0.0	0.0	31.049422	-1.476022	-31.014319
-0.002399	0.424915	0.324589	0.06782	-12.175297	-0.638032	4.412703	3.83	4.8	0.799782	180.0	180.0	0.0	0.0	27.2527	1.49676	2.0	2.0	0.0	-9.39314	49.754552	5.637149	5.63186	4.0	269.495693	-1271.01055	-4312.11243	-1120.845493	-2232.942597	2235.433869	-21.558543	64.19812	391.453857	-248.276878	0.0	0.0	31.070223	-1.4872	-31.03461
-0.001086	0.222078	0.058677	0.128065	-19.456107	-0.628517	4.327773	3.83	4.8	-1.208261	180.0	180.0	0.0	0.0	27.2527	1.49676	2.0	2.0	0.0	-9.393182	49.754557	5.637149	5.617711	4.0	269.570728	-480.913243	-2134.871622	-427.23641	4426.784484	4427.422911	-22.646629	71.679552	391.6491	-248.377813	0.0	0.0	31.083151	-1.493983	-31.047227
0.002447	-0.330674	0.006461	0.146407	-28.521059	0.419657	4.271713	3.83	4.8	-2.776587	180.0	180.0	0.0	0.0	27.2527	1.49676	2.0	2.0	0.0	-9.393225	49.754563	5.637149	5.617711	4.0	269.649652	-983.414993	-132.703583	976.120378	1851.414136	1855.058268	-22.431722	87.455613	392.066924	-248.603199	0.0	0.0	31.111872	-1.506023	-31.0754
0.004593	-0.728387	0.222874	0.086142	-14.053126	0.254871	4.07638	3.83	4.8	-0.932097	180.0	180.0	0.0	0.0	27.2527	1.49676	2.0	2.0	0.0	-9.393265	49.754568	5.617711	5.617711	3.334426	269.72451	-2479.311593	11157.597724	1599.614707	-4122.106975	4123.976601	-17.962163	114.959806	392.462951	-248.82641	0.0	0.0	31.140172	-1.514907	-31.103301
0.005068	-0.634855	0.172195	-0.02247	25.51841	-0.445144	3.871123	3.83	4.8	2.358732	180.0	180.0	0.0	0.0	27.2527	1.49676	2.0	2.0	0.0	-9.393305	49.754574	5.617711	5.617711	3.0	269.78956	-816.044676	12223.829139	1425.436963	-4107.796067	4109.70287	-18.75295	120.760966	392.941222	-249.105201	0.0	0.0	31.175384	-1.523202	-31.13815
0.003407	0.036299	-0.171103	-0.137569	49.472345	-0.764645	3.84042	3.83	4.8	3.151358	180.0	180.0	0.0	0.0	27.2527	1.49676	2.0	2.0	0.0	-9.393342	49.754579	5.617711	5.610372	3.0	269.838916	149.211029	2052.366318	410.589315	1161.63839	1905.97762	-28.904236	86.775646	393.379583	-249.358752	0.0	0.0	31.207437	-1.531325	-31.169844
0.000796	0.714443	-0.428947	-0.178123	39.321828	-0.27846	3.912481	3.83	4.8	2.013942	180.0	180.0	0.0	0.0	27.256248	1.49676	2.0	2.0	0.0	-9.393381	49.754585	5.611278	5.598272	3.211509	269.903325	1279.842291	-11349.777069	-723.686788	6113.03784	6113.339195	-26.346148	51.68936	393.620639	-249.4906	0.0	0.0	31.224216	-1.537793	-31.186325
-0.001638	1.021294	-0.350612	-0.137286	1.076609	0.742743	4.005613	3.83	4.8	-0.29	180.0	180.0	0.0	0.0	27.272138	1.49676	2.0	2.0	0.0	-9.393426	49.754591	5.598272	5.598272	4.0	269.98	596.8309	-13118.833084	-1517.430033	7596.58244	7596.803962	-20.444035	54.292773	393.774938	-249.565636	0.0	0.0	31.23391	-1.544402	-31.195705
-0.002558	0.576362	0.551424	0.041083	-28.252765	1.338284	4.092702	3.83	4.8	-1.604711	180.0	180.0	0.0	0.0	27.272138	1.49676	2.0	2.0	0.0	-9.393466	49.754597	5.598272	5.598272	4.0	270.049648	9.271764	-1179.468046	-1266.252767	-4621.983467	4636.919562	-19.514755	87.453844	394.187872	-249.788072	0.0	0.0	31.262275	-1.556383	-31.223509
-0.00084	0.084484	0.965864	0.133894	-32.124383	0.162291	3.973857	3.83	4.8	-0.517464	180.0	180.0	0.0	0.0	27.272138	1.49676	2.0	2.0	0.0	-9.393506	49.754602	5.598272	5.598272	3.010944	270.119602	-2563.394265	-1647.267802	-299.431169	-10224.061722	10224.479123	-22.146083	89.186953	394.539416	-249.983824	0.0	0.0	31.287139	-1.564899	-31.247978
0.001442	-0.384527	0.728412	0.157343	-33.554011	-1.179523	3.687782	3.83	4.8	0.437302	180.0	180.0	0.0	0.0	27.272138	1.49676	2.0	2.0	0.0	-9.393546	49.754608	5.578834	5.598272	3.0	270.184074	-3606.39953	2071.712918	648.486481	-8466.613194	8467.06418	-23.179957	81.840151	394.836196	-250.150824	0.0	0.0	31.308325	-1.571629	-31.268853
0.004084	-0.818854	-0.188279	0.101886	-7.856925	-1.777875	3.234909	3.83	4.8	-0.208899	180.0	180.0	0.0	0.0	27.272138	1.49676	2.0	2.0	0.0	-9.393582	49.754614	5.578834	5.587054	2.729339	270.225796	-3565.55242	13867.255053	1459.43835	3279.264438	3444.008478	-18.98801	84.523668	395.207659	-250.362134	0.0	0.0	31.335098	-1.579448	-31.295267
0.004828	-0.682531	-0.783718	0.012204	29.671239	-0.967454	2.974149	3.83	4.8	-0.316537	180.0	180.0	0.0	0.0	27.272138	1.49676	2.0	2.0	0.0	-9.393624	49.75462	5.578834	5.578834	2.0	270.291606	-1907.748716	12806.423139	1436.726722	10159.130814	10159.492621	-17.018859	83.171176	395.496475	-250.529335	0.0	0.0	31.35624	-1.584762	-31.316167
0.003042	0.295378	-0.57311	-0.125476	44.546049	1.510233	2.958753	3.83	4.8	0.303803	180.0	180.0	0.0	0.0	27.272138	1.49676	2.0	2.0	0.0	-9.393665	49.754626	5.578834	5.578834	2.0	270.339557	1840.560433	-9889.134793	306.639428	9010.151188	9010.492242	-27.581172	71.951603	395.936085	-250.784982	0.0	0.0	31.388566	-1.592563	-31.348123
0.000564	0.67221	0.409475	-0.134918	0.040513	1.8966	3.135766	3.83	4.8	0.105974	180.0	180.0	0.0	0.0	27.291577	1.49676	2.0	2.0	0.0	-9.393707	49.754633	5.559395	5.578834	3.0	270.394567	314.23583	-10218.73934	-651.884391	-6436.186402	6439.248341	-28.243189	75.146323	396.229812	-250.953269	0.0	0.0	31.409856	-1.598413	-31.369159
-0.001051	0.555857	1.003126	-0.071636	-7.426848	0.411188	3.111219	3.83	4.8	1.845625	180.0	180.0	0.0	0.0	27.291577	1.49676	2.0	2.0	0.0	-9.393747	49.754639	5.559395	5.578834	3.0	270.444537	182.370459	775.964688	-1052.48243	-11880.276041	11880.613142	-24.007865	85.612214	396.571718	-251.152809	0.0	0.0	31.435065	-1.60428	-31.394101
-0.001545	0.47597	0.947577	-0.018743	-8.856025	-0.834794	3.132933	3.83	4.8	1.560625	180.0	180.0	0.0	0.0	27.291577	1.49676	2.0	2.0	0.0	-9.393787	49.754645	5.551624	5.559864	2.600985	270.479712	-324.296453	-3018.954021	-1065.15565	-10243.687301	10243.890729	-19.948446	61.386242	396.78642	-251.275979	0.0	0.0	31.450658	-1.608527	-31.409497
-0.00081	0.159335	0.018679	0.069337	-22.474262	-1.636895	2.919296	3.83	4.8	-1.510966	180.0	180.0	0.0	0.0	27.291577	1.49676	2.0	2.0	0.0	-9.393823	49.754651	5.539957	5.559395	2.0	270.544096	-2684.739384	-3649.05434	-510.256765	3832.047394	3832.866606	-20.382929	50.517347	397.063226	-251.426826	0.0	0.0	31.469877	-1.6161	-31.428353
0.000477	-0.187066	-0.524676	0.101978	-28.424349	-0.784037	2.652709	3.83	4.8	-2.96	180.0	180.0	0.0	0.0	27.291577	1.49676	2.0	2.0	0.0	-9.393867	49.754657	5.539957	5.559395	2.0	270.59	-3554.689544	1165.964789	79.285689	9920.032633	9920.263544	-21.319639	64.240224	397.252009	-251.532341	0.0	0.0	31.483279	-1.620569	-31.441543
0.002804	-0.573667	-0.254784	0.067934	1.717748	1.212844	2.147431	3.83	4.8	-0.89517	180.0	180.0	0.0	0.0	27.291577	1.49676	2.0	2.0	0.0	-9.393908	49.754664	5.539957	5.559395	2.0	270.632935	-2281.56643	10633.354647	862.113569	4092.672424	4094.177546	-19.450948	102.436458	397.780067	-251.848896	0.0	0.0	31.523149	-1.62742	-31.481112
0.00324	-0.29273	0.400953	-0.001952	29.227679	1.174509	2.029892	3.83	4.8	2.125708	180.0	180.0	0.0	0.0	27.291577	1.49676	2.0	2.0	0.0	-9.393948	49.75467	5.539957	5.559395	1.977273	270.666349	463.098808	5098.732162	809.701713	-5123.453341	5124.696824	-19.723083	95.190053	398.230852	-252.12458	0.0	0.0	31.557791	-1.63183	-31.515573
0.002574	0.181381	0.7263	-0.057518	29.84945	0.201963	2.184036	3.83	4.8	3.498899	180.0	180.0	0.0	0.0	27.311015	1.49676	2.0	2.0	0.0	-9.393988	49.754677	5.520518	5.539957	2.0	270.699402	2735.160458	-7617.869713	378.628836	-8513.176025	8513.471333	-26.420379	62.280777	398.563016	-252.326219	0.0	0.0	31.583151	-1.635475	-31.540777
0.001177	0.352517	0.396146	-0.071485	-14.882287	-1.263191	2.381796	3.83	4.8	0.113708	180.0	180.0	0.0	0.0	27.311015	1.49676	2.0	2.0	0.0	-9.394024	49.754683	5.520518	5.539957	2.0	270.727446	-669.696997	-11293.614285	-205.035616	-5576.385825	5576.56266	-27.659765	33.193177	398.777617	-252.448671	0.0	0.0	31.598666	-1.639894	-31.556084
0.000569	0.039843	-0.158802	-0.044122	-31.613378	-1.489213	2.256665	3.83	4.8	-2.168137	180.0	180.0	0.0	0.0	27.311015	1.49676	2.0	2.0	0.0	-9.394064	49.75469	5.518999	5.538438	1.866856	270.77231	-2401.585488	-963.560219	-357.643103	2973.534217	2974.191962	-23.999327	45.690787	398.905893	-252.52038	0.0	0.0	31.607775	-1.642927	-31.565048
0.000391	-0.449237	-0.714161	0.003202	-4.183457	0.082166	1.915074	3.83	4.8	-2.17004	180.0	180.0	0.0	0.0	27.311015	1.49676	2.0	2.0	0.0	-9.394108	49.754697	5.502841	5.52228	1.0	270.81	-1637.967548	12077.567651	-280.481662	10646.711717	10647.049831	-25.294716	80.960476	399.262663	-252.73314	0.0	0.0	31.63459	-1.64785	-31.591643
0.000513	-0.318702	-0.275535	0.015134	10.805343	1.399796	1.829961	3.83	4.8	-0.279639	180.0	180.0	0.0	0.0	27.311015	1.49676	2.0	2.0	0.0	-9.394147	49.754704	5.50108	5.520518	1.0	270.844815	-712.819043	-2176.949928	-184.721822	3247.985718	3249.648963	-21.46977	87.241032	399.646355	-252.968422	0.0	0.0	31.664147	-1.651437	-31.621053
0.000753	-0.199656	0.396408	0.019962	4.968044	1.078394	1.714916	3.83	4.8	1.583324	180.0	180.0	0.0	0.0	27.311015	1.49676	2.0	2.0	0.0	-9.394186	49.75471	5.50108	5.520518	1.0	270.87485	-1146.341089	-476.465966	-66.480704	-7469.675638	7470.354351	-21.487409	93.237509	400.047786	-253.215718	0.0	0.0	31.695197	-1.654891	-31.651965
0.00094	-0.153193	0.623001	0.020069	4.546918	0.290884	1.659449	3.83	4.8	2.789726	180.0	180.0	0.0	0.0	27.319096	1.49676	2.0	2.0	0.0	-9.394225	49.754717	5.492999	5.520518	1.0	270.889118	-92.505654	459.839556	11.323263	-8660.009791	8660.347076	-22.049734	72.950648	400.296859	-253.36952	0.0	0.0	31.714503	-1.656938	-31.67119
0.001234	-0.016897	0.309552	0.010848	8.74005	-0.910291	1.620428	3.83	4.8	0.708714	180.0	180.0	0.0	0.0	27.330454	1.49676	2.0	2.0	0.0	-9.394261	49.754723	5.481641	5.515469	1.0	270.925096	-402.726132	1636.236789	88.097262	-995.631175	1696.996977	-20.665775	41.346022	400.630957	-253.571581	0.0	0.0	31.739928	-1.660803	-31.696448
0.001273	0.113993	-0.03767	0.002793	12.440396	-0.775263	1.595194	3.83	4.8	-1.16	180.0	180.0	0.0	0.0	27.330454	1.49676	2.0	2.0	0.0	-9.394301	49.75473	5.481641	5.50108	1.0	270.95	8.683216	331.859072	70.498389	4069.378331	4069.708086	-22.620124	46.607283	400.788494	-253.665723	0.0	0.0	31.751791	-1.662925	-31.708215
0.001213	0.156531	-0.163083	-0.002065	-15.977684	0.332733	1.5909	3.83	4.8	-2.419659	180.0	180.0	0.0	0.0	27.330454	1.49676	2.0	2.0	0.0	-9.394344	49.754738	5.481641	5.50108	1.0	270.983077	-1429.298233	-8607.243087	33.226418	2536.425068	2537.49517	-29.011678	59.932513	401.115204	-253.864088	0.0	0.0	31.77674	-1.666501	-31.733011
0.001402	-0.273554	0.046382	0.003972	-30.278347	0.345487	1.373526	3.83	4.8	-0.28444	180.0	180.0	0.0	0.0	27.330454	1.49676	2.0	2.0	0.0	-9.394383	49.754745	5.464649	5.50108	1.0	271.009818	-2201.133189	1185.947405	130.992698	-2302.267627	2304.04754	-26.383928	84.141046	401.449007	-254.071825	0.0	0.0	31.802793	-1.668818	-31.758978
0.001604	-0.652846	0.106447	0.002059	-20.324228	-0.079572	1.223766	3.846575	4.882875	2.207426	180.0	180.0	0.0	0.0	27.330454	1.49676	2.0	2.0	0.0	-9.394422	49.754752	5.462203	5.48497	1.0	271.02913	359.361724	-865.646232	200.304719	-4329.185863	4329.973504	-26.640314	68.936988	401.813018	-254.300529	0.0	0.0	31.831444	-1.670773	-31.787566
0.001739	-1.050688	-0.120683	-0.00412	-27.320246	-0.738787	1.280828	3.85	4.9	1.309576	180.0	180.0	0.0	0.0	27.330454	1.49676	2.0	2.0	0.0	-9.394461	49.754759	5.462203	5.481641	1.0	271.048603	90.353615	284.314879	230.284956	-2466.886696	2467.817041	-31.674974	42.923207	402.084203	-254.470226	0.0	0.0	31.852713	-1.67241	-31.808778
0.001765	-1.374227	-0.464058	-0.010455	-14.368657	-0.663411	1.275516	3.85	4.9	0.304029	180.0	180.0	0.0	0.0	27.333786	1.49676	2.0	2.0	0.0	-9.394497	49.754765	5.456258	5.481641	1.0	271.063066	134.74974	7060.289911	213.114137	4972.164243	4972.519437	-30.599091	47.995023	402.278562	-254.591841	0.0	0.0	31.867956	-1.673586	-31.82398
0.001603	-1.479347	-0.585759	-0.018414	-3.987678	0.241351	1.289474	3.85	4.9	-0.98	180.0	180.0	0.0	0.0	27.349892	1.49676	2.0	2.0	0.0	-9.39454	49.754773	5.442765	5.481641	1.0	271.09	-656.380239	1034.375386	118.469849	7568.608136	7568.777179	-23.377802	44.859223	402.469402	-254.710172	0.0	0.0	31.882802	-1.675025	-31.838771
0.001108	-1.498042	0.082025	-0.022559	3.746907	1.327313	1.086943	3.85	4.9	-1.493054	180.0	180.0	0.0	0.0	27.349892	1.49676	2.0	2.0	0.0	-9.39458	49.75478	5.442765	5.462203	0.187612	271.113855	-1431.94923	3248.734485	-72.00619	454.388658	1051.682454	-20.580679	76.084731	402.866462	-254.957121	0.0	0.0	31.913775	-1.677822	-31.86964
0.000713	-1.341935	0.666355	-0.017757	15.710808	0.814965	0.978799	3.85	4.9	0.706935	180.0	180.0	0.0	0.0	27.349892	1.49676	2.0	2.0	0.0	-9.394619	49.754788	5.425973	5.462203	0.0	271.131575	-528.292639	4108.73851	-193.27195	-7064.133987	7064.647795	-23.184022	80.264926	403.252667	-255.20095	0.0	0.0	31.944304	-1.679585	-31.900119
0.00041	-1.053098	0.773059	-0.009837	25.443199	-0.312853	0.915362	3.85	4.9	1.4525	180.0	180.0	0.0	0.0	27.349892	1.49676	2.0	2.0	0.0	-9.394658	49.754795	5.423326	5.462203	0.0	271.146937	-1029.750468	2825.209587	-279.65737	-8775.218618	8775.486235	-23.678161	64.234861	403.548791	-255.388563	0.0	0.0	31.967786	-1.680763	-31.92357
0.000149	-0.503585	0.230806	0.005549	32.91673	-1.297786	0.761789	3.85	4.9	0.890998	180.0	180.0	0.0	0.0	27.349892	1.49676	2.0	2.0	0.0	-9.394693	49.754802	5.423326	5.450248	0.0	271.156165	-1142.673684	2335.502501	-338.712569	-583.704028	2256.253679	-22.814084	46.143788	403.860114	-255.586083	0.0	0.0	31.992503	-1.681928	-31.94826
0.000112	-0.075654	-0.232243	0.016734	37.548738	-1.048575	0.702987	3.85	4.9	0.088897	180.0	180.0	0.0	0.0	27.349892	1.49676	2.0	2.0	0.0	-9.394733	49.754809	5.422476	5.442765	0.0	271.170437	96.181271	129.330945	-323.205966	6752.728158	6752.908348	-25.493665	41.980615	404.033441	-255.696706	0.0	0.0	32.006336	-1.682404	-31.962088
0.000466	0.502996	-0.377819	0.033138	7.15123	0.551531	0.739046	3.85	4.9	-2.118145	180.0	180.0	0.0	0.0	27.349892	1.49676	2.0	2.0	0.0	-9.394776	49.754817	5.403888	5.442765	0.0	271.18	-846.229924	-8349.889404	-134.76704	5276.643434	5276.959658	-29.017921	47.614846	404.309329	-255.873753	0.0	0.0	32.028463	-1.682907	-31.984219
0.001078	0.4516	0.051577	0.035652	-8.976965	0.926456	0.624019	3.85	4.9	-0.70112	180.0	180.0	0.0	0.0	27.36933	1.49676	2.0	2.0	0.0	-9.394816	49.754825	5.403888	5.442765	0.0	271.19549	-965.053826	-538.638019	115.209734	-1765.432253	2613.179773	-29.464811	78.595476	404.618232	-256.072867	0.0	0.0	32.053335	-1.683238	-32.009108
0.00158	0.360502	0.356918	0.024266	0.24186	0.292434	0.588598	3.85	4.9	1.967033	180.0	180.0	0.0	0.0	27.36933	1.49676	2.0	2.0	0.0	-9.394854	49.754832	5.394431	5.423326	0.0	271.206516	546.233666	6464.988148	275.851053	-6284.761334	6285.37438	-29.676874	82.585114	404.98754	-256.311462	0.0	0.0	32.083132	-1.683489	-32.038933
0.001754	0.503234	0.247297	0.000794	9.288644	-0.579456	0.746231	3.85	4.9	2.550021	180.0	180.0	0.0	0.0	27.36933	1.49676	2.0	2.0	0.0	-9.394892	49.75484	5.384449	5.423326	0.0	271.216378	1183.177556	-2812.124596	259.047699	-2609.832251	2610.376328	-21.966209	47.182668	405.353549	-256.546723	0.0	0.0	32.112529	-1.684056	-32.06834
0.001642	0.565424	-0.036465	-0.012129	-0.283629	-0.715371	0.762663	3.85	4.9	0.294505	180.0	180.0	0.0	0.0	27.36933	1.49676	2.0	2.0	0.0	-9.394926	49.754846	5.384449	5.423326	0.0	271.223731	-1069.062414	-4586.654533	167.275379	892.281991	1265.382573	-21.150944	33.903434	405.530153	-256.658591	0.0	0.0	32.12653	-1.684764	-32.082324
0.001465	0.482087	-0.283845	-0.017828	-13.310451	-0.341516	0.591725	3.85	4.9	-1.9	180.0	180.0	0.0	0.0	27.36933	1.49676	2.0	2.0	0.0	-9.394969	49.754855	5.384449	5.423326	0.0	271.24	-3055.012147	-4230.838559	78.841534	6160.452946	6160.572977	-22.537195	31.160519	405.680162	-256.753972	0.0	0.0	32.138463	-1.685271	-32.094247
0.001234	0.004663	-0.044679	-0.018005	-21.522086	0.865533	0.059616	3.85	4.9	-1.957769	180.0	180.0	0.0	0.0	27.36933	1.49676	2.0	2.0	0.0	-9.395009	49.754863	5.367083	5.403888	0.0	271.24	-3031.463344	4434.995626	-0.174676	2541.562705	2542.723533	-22.387575	64.150753	406.01392	-256.971792	0.0	0.0	32.165635	-1.68492	-32.121474
0.001015	-0.162452	0.430193	-0.016108	2.217034	0.849984	-0.091815	3.85	4.9	0.859236	180.0	180.0	0.0	0.0	27.36933	1.49676	2.0	2.0	0.0	-9.395047	49.75487	5.365011	5.403888	0.0	271.24	1249.31887	5540.955802	-71.62222	-3456.92869	3459.360319	-20.472901	80.010461	406.399826	-257.224897	0.0	0.0	32.197191	-1.684184	-32.153112
0.000788	-0.068282	0.641595	-0.01003	7.029943	0.030992	0.113918	3.85	4.9	2.399223	180.0	180.0	0.0	0.0	27.388769	1.49676	2.0	2.0	0.0	-9.395086	49.754878	5.365011	5.395143	0.0	271.24	2683.139659	-2261.914592	-130.546044	-8407.917569	8408.15614	-24.127111	58.258983	406.722072	-257.436064	0.0	0.0	32.223521	-1.683618	-32.179508
0.00069	-0.041304	0.264467	0.000716	-4.358518	-1.235001	0.378812	3.85	4.9	1.877437	180.0	180.0	0.0	0.0	27.388769	1.49676	2.0	2.0	0.0	-9.395123	49.754886	5.359161	5.384449	0.0	271.246625	1398.035558	-2711.864848	-138.638565	-3408.291035	3408.715766	-26.855517	37.589647	407.008982	-257.624455	0.0	0.0	32.247006	-1.683014	-32.203057
0.000773	-0.124273	-0.235979	0.007542	-8.869675	-1.324164	0.442272	3.85	4.9	0.427518	180.0	180.0	0.0	0.0	27.388769	1.49676	2.0	2.0	0.0	-9.395157	49.754893	5.345572	5.384449	0.0	271.250959	-218.825765	-872.65529	-97.155588	3118.446443	3118.738166	-25.595313	29.611111	407.152391	-257.718444	0.0	0.0	32.258726	-1.682763	-32.214806
0.001099	-0.332554	-0.584033	0.011863	-7.867683	0.52459	0.205576	3.85	4.9	-1.997904	180.0	180.0	0.0	0.0	27.388769	1.49676	2.0	2.0	0.0	-9.395201	49.754902	5.345572	5.384449	0.0	271.26	-2802.009349	2145.308261	34.787398	9729.611967	9729.738955	-24.276988	42.537963	407.406292	-257.885026	0.0	0.0	32.279494	-1.68226	-32.235628
0.001282	-0.395858	0.00066	0.006515	-1.098861	1.551277	-0.094555	3.85	4.9	-1.166418	180.0	180.0	0.0	0.0	27.388769	1.49676	2.0	2.0	0.0	-9.39524	49.75491	5.345572	5.367298	0.0	271.26	-2296.233668	-1742.060211	102.275945	1054.890667	1587.733321	-23.211762	58.068612	407.68835	-258.071402	0.0	0.0	32.302712	-1.681357	-32.258925
0.001359	-0.494904	0.698787	-0.001988	-12.987329	1.058135	-0.344919	3.85	4.9	0.947523	180.0	180.0	0.0	0.0	27.388769	1.49676	2.0	2.0	0.0	-9.395278	49.754917	5.328991	5.365011	0.0	271.252491	-2309.726392	-4936.995745	115.253669	-7670.076247	7670.363178	-20.522295	59.752614	408.002357	-258.279796	0.0	0.0	32.328662	-1.680113	-32.284974
0.001378	-0.683102	0.919361	-0.008962	-21.476191	0.123769	-0.488733	3.85	4.9	1.798969	180.0	180.0	0.0	0.0	27.396533	1.49676	2.0	2.0	0.0	-9.395316	49.754925	5.326134	5.365011	0.0	271.245012	-1528.69348	-1267.678334	104.930174	-10547.347298	10547.471341	-19.682982	47.106732	408.207306	-258.41686	0.0	0.0	32.345715	-1.679024	-32.302108
0.001181	-0.944961	0.399002	-0.016993	5.277251	-1.449466	-0.539549	3.85	4.9	1.291387	180.0	180.0	0.0	0.0	27.408207	1.49676	2.0	2.0	0.0	-9.39535	49.754932	5.326134	5.365011	0.0	271.23765	1858.880643	12467.285294	-5.460394	-3226.9743	3228.106744	-17.729409	49.06139	408.567666	-258.659903	0.0	0.0	32.375927	-1.676571	-32.332488
0.000889	-0.702206	-0.219356	-0.011549	31.983109	-1.516645	-0.309352	3.85	4.9	0.57	180.0	180.0	0.0	0.0	27.408207	1.49676	2.0	2.0	0.0	-9.39539	49.754941	5.326134	5.365011	0.0	271.23	3326.447219	6167.16724	-113.005205	3522.741654	3522.970096	-17.45045	36.125085	408.776913	-258.800454	0.0	0.0	32.393407	-1.675298	-32.350057
0.000522	0.105002	-0.704137	0.007345	28.440047	0.32062	0.011313	3.85	4.9	-1.289162	180.0	180.0	0.0	0.0	27.408207	1.49676	2.0	2.0	0.0	-9.395432	49.75495	5.30871	5.345572	0.0	271.23	313.011089	-5308.83221	-199.308583	9238.431105	9238.540441	-24.686726	36.756261	409.050942	-258.984764	0.0	0.0	32.416325	-1.673566	-32.373095
0.000615	0.433838	-0.238635	0.01886	12.661789	1.324724	-0.046482	3.85	4.9	-0.485545	180.0	180.0	0.0	0.0	27.408207	1.49676	2.0	2.0	0.0	-9.395471	49.754958	5.306695	5.345572	0.0	271.23	-1224.998321	-4053.206808	-112.325257	2316.278797	2317.868297	-25.020328	64.25969	409.321756	-259.164521	0.0	0.0	32.438709	-1.672485	-32.395565
0.00088	0.536146	0.35148	0.022737	2.194991	1.213348	-0.172193	3.85	4.9	1.842436	180.0	180.0	0.0	0.0	27.408207	1.49676	2.0	2.0	0.0	-9.395509	49.754966	5.306695	5.336702	0.0	271.23	-1416.977257	-4011.590713	13.08998	-4373.970112	4374.820451	-22.980807	70.348042	409.636829	-259.372488	0.0	0.0	32.464621	-1.671536	-32.421561
0.001315	0.421558	0.730935	0.016021	-14.900432	0.001758	-0.356373	3.85	4.9	2.736698	180.0	180.0	0.0	0.0	27.408207	1.49676	2.0	2.0	0.0	-9.395547	49.754974	5.300124	5.326134	0.0	271.222734	-1783.634598	-5036.407929	162.455305	-7156.197806	7156.304503	-20.750202	32.57469	409.984378	-259.604115	0.0	0.0	32.493452	-1.669902	-32.450514
0.001544	0.176592	0.592587	0.005165	-25.095092	-0.700575	-0.502194	3.85	4.9	1.19417	180.0	180.0	0.0	0.0	27.410476	1.49676	2.0	2.0	0.0	-9.39558	49.754981	5.287257	5.326134	0.0	271.218601	-1798.872879	-3135.998255	211.442425	-4095.374784	4095.53681	-21.963412	18.440193	410.116934	-259.695725	0.0	0.0	32.504812	-1.668417	-32.461966
0.001634	-0.451653	0.026378	-0.01942	-30.872187	-0.667593	-0.670683	3.85	4.9	-2.2549	180.0	180.0	0.0	0.0	27.427646	1.49676	2.0	2.0	0.0	-9.395624	49.75499	5.287257	5.326134	0.0	271.21	-822.428548	1485.72623	153.379206	4182.856928	4182.98696	-19.504879	25.511778	410.319299	-259.839646	0.0	0.0	32.522608	-1.665077	-32.479956
0.001341	-0.826208	-0.132256	-0.030739	-7.54433	0.021395	-0.768095	3.85	4.9	-2.561202	180.0	180.0	0.0	0.0	27.427646	1.49676	2.0	2.0	0.0	-9.395662	49.754999	5.287257	5.308831	0.0	271.191857	-358.76463	12560.851107	0.302488	3566.402165	3566.893277	-14.636724	56.396906	410.576525	-260.01556	0.0	0.0	32.544446	-1.662685	-32.501945
0.000812	-0.623631	-0.029621	-0.022818	30.598286	0.30755	-0.763338	3.85	4.9	-0.33396	180.0	180.0	0.0	0.0	27.427646	1.49676	2.0	2.0	0.0	-9.3957	49.755007	5.287257	5.306695	0.0	271.18	787.876686	9862.715051	-171.408537	-360.412461	1175.304868	-14.659884	75.650077	410.932836	-260.253879	0.0	0.0	32.5741	-1.660785	-32.531735
0.000435	-0.139962	0.069664	-0.005816	44.939468	0.166658	-0.651922	3.85	4.9	2.149909	180.0	180.0	0.0	0.0	27.427646	1.49676	2.0	2.0	0.0	-9.395736	49.755015	5.273543	5.306695	0.0	271.17	2097.36212	825.857333	-256.366092	-2304.188589	2305.721615	-20.149567	78.245298	411.24787	-260.463753	0.0	0.0	32.600239	-1.659325	-32.557982
0.000298	0.65908	-0.017531	0.02171	31.774	-0.413711	-0.402226	3.85	4.9	3.264695	180.0	180.0	0.0	0.0	27.427646	1.49676	2.0	2.0	0.0	-9.395775	49.755023	5.267819	5.306695	0.0	271.164617	746.516716	-6151.817021	-215.113091	-1801.460326	1802.352959	-24.910582	43.266769	411.653413	-260.736165	0.0	0.0	32.634108	-1.656856	-32.592021
0.000509	0.964016	-0.189946	0.032798	16.003862	-0.407537	-0.400589	3.85	4.9	2.154005	180.0	180.0	0.0	0.0	27.427646	1.49676	2.0	2.0	0.0	-9.395807	49.755031	5.267819	5.306602	0.0	271.159952	-1112.161383	-7854.851099	-103.220672	2568.483661	2568.7187	-23.321937	25.686867	411.821988	-260.851336	0.0	0.0	32.648407	-1.655319	-32.606417
0.001355	0.828644	-0.157819	0.028841	-28.556765	0.620051	-0.696968	3.85	4.9	-1.45517	180.0	180.0	0.0	0.0	27.427646	1.49676	2.0	2.0	0.0	-9.395851	49.755041	5.267819	5.287257	0.0	271.142611	-2483.839858	-10038.101278	205.752583	5756.459231	5756.505841	-20.231063	11.161852	412.019775	-260.992485	0.0	0.0	32.665857	-1.651927	-32.624061
0.001908	0.110882	0.350322	1.8e-05	-54.945301	1.192398	-0.994308	3.85	4.9	-3.07409	180.0	180.0	0.0	0.0	27.447084	1.49676	10.776655	3.009315	0.0	-9.395888	49.755049	5.250758	5.287257	-0.991128	271.130089	-3122.77124	-5085.734802	330.044096	-158.583266	1436.829364	-18.679731	25.473891	412.17305	-261.103279	0.0	0.0	32.679537	-1.648926	-32.63791
0.001965	-0.772025	0.806179	-0.038037	-54.33114	0.577613	-1.328969	3.85	4.9	-2.601714	180.0	180.0	0.0	0.0	27.447084	1.49676	12.0	5.004839	0.0	-9.395926	49.755057	5.24838	5.287257	-1.0	271.11044	-3321.922822	8087.055659	235.328956	-8695.803682	8695.993737	-20.09735	53.611487	412.40391	-261.265447	0.0	0.0	32.699617	-1.645648	-32.658181
0.001231	-1.326117	0.685693	-0.060123	1.074115	-1.024621	-1.568434	3.85	4.9	1.423714	180.0	180.0	0.0	0.0	27.447084	1.49676	12.0	7.477033	0.0	-9.395963	49.755066	5.24838	5.272433	-1.0	271.090964	1013.719117	19025.577387	-116.237394	-7747.600956	7747.923811	-18.735768	68.154737	412.831207	-261.55968	0.0	0.0	32.736123	-1.641144	-32.69496
0.000467	-1.052272	0.13643	-0.040172	39.023845	-1.670256	-1.402145	3.85	4.9	2.286738	180.0	180.0	0.0	0.0	27.447084	1.49676	12.0	9.220047	0.432714	-9.395994	49.755073	5.24838	5.267819	-0.903909	271.067197	2541.981926	11681.083002	-350.248935	-1843.19227	2674.841159	-11.68851	49.167985	413.101856	-261.746364	0.0	0.0	32.759282	-1.638207	-32.718296
-0.000236	0.202524	-0.812566	0.023398	74.703565	-0.85631	-1.001066	3.85	4.9	1.483843	180.0	180.0	0.0	0.0	27.447084	1.49676	12.0	11.8249	4.099779	-9.396038	49.755083	5.24838	5.267819	-0.089577	271.040162	3194.411098	1135.050178	-428.660695	10711.990643	10712.048785	-16.657773	29.550567	413.445109	-261.984187	0.0	0.0	32.788773	-1.634203	-32.748023
5.9e-05	1.346609	-0.786875	0.062614	54.303837	0.952799	-0.72944	3.85	4.9	0.008563	180.0	180.0	0.0	0.0	27.447084	1.49676	12.0	12.0	23.262968	-9.396077	49.755092	5.228942	5.267819	0.0	271.03	1338.469563	-14226.196954	-185.443749	10576.187101	10576.241771	-23.298022	24.639065	413.642362	-262.12339	0.0	0.0	32.806004	-1.631233	-32.765424
0.000977	1.800193	0.019491	0.0683	0.713561	2.034833	-0.639687	3.85	4.9	-0.155714	180.0	180.0	0.0	0.0	27.447084	1.49676	12.0	12.0	39.990554	-9.396115	49.7551	5.228942	5.25107	0.0	271.01595	293.016023	-19294.81198	199.596341	1563.837656	1691.277108	-9.819368	20.417197	413.819373	-262.247169	0.0	0.0	32.82134	-1.628868	-32.780896
0.001903	1.473823	0.82602	0.046167	-46.020579	1.662136	-0.670112	3.85	4.9	-0.046522	180.0	180.0	0.0	0.0	27.466523	1.49676	12.0	12.0	41.408886	-9.396152	49.755109	5.228942	5.24838	0.0	271.003954	-1197.801138	-15131.889348	492.508568	-8056.605587	8056.62392	-3.716034	16.26597	413.953701	-262.339387	0.0	0.0	32.832787	-1.627526	-32.792423
0.002739	0.203331	1.243971	-0.016377	-77.611404	-0.400875	-0.852621	3.85	4.9	0.05731	180.0	180.0	0.0	0.0	27.466523	1.49676	12.0	12.0	44.094783	-9.396189	49.755117	5.228942	5.24838	-0.237512	270.993588	-1381.241754	-1979.189674	612.368698	-12543.519688	12543.529904	2.814497	15.144857	414.153824	-262.475836	0.0	0.0	32.849735	-1.625774	-32.809479
0.002687	-0.717222	0.867284	-0.058626	-75.49972	-1.685779	-0.962418	3.85	4.9	-0.907986	180.0	180.0	0.0	0.0	27.466523	1.49676	12.0	12.0	45.922831	-9.396221	49.755125	5.228942	5.24838	-1.0	270.979451	-1618.487166	5416.565404	449.064227	-7884.370227	7884.378609	4.681341	9.818305	414.263013	-262.551091	0.0	0.0	32.859072	-1.624605	-32.818886
0.00126	-1.934743	-0.554595	-0.096401	-22.372756	-1.783662	-1.169774	3.85	4.9	-2.33336	180.0	180.0	0.0	0.0	27.466523	1.49676	12.0	12.0	50.055899	-9.396265	49.755135	5.228942	5.24838	-1.0	270.96	-160.401144	19492.45583	-245.495444	8643.425796	8643.471597	7.980057	25.692544	414.50215	-262.715973	0.0	0.0	32.87953	-1.622027	-32.839497
-0.000197	-1.73477	-1.030344	-0.059137	49.902384	0.05342	-1.046482	3.85	4.9	-1.88734	180.0	180.0	0.0	0.0	27.466523	1.49676	12.0	12.0	52.972102	-9.396303	49.755143	5.228942	5.265511	-0.335796	270.94	2410.110091	25307.635776	-690.090691	13063.511604	13063.622131	16.033811	50.650003	414.75789	-262.887139	0.0	0.0	32.900831	-1.620633	-32.860892
-0.001105	-0.425803	-0.580867	0.009947	112.974911	1.671398	-0.621735	3.85	4.9	1.106462	180.0	180.0	0.0	0.0	27.466523	1.49676	12.0	12.0	55.187669	-9.396341	49.755152	5.238458	5.267819	0.0	270.926442	6249.383862	11412.304669	-799.543712	7364.232682	7364.548135	20.943449	62.734754	415.100131	-263.109437	0.0	0.0	32.928603	-1.620553	-32.88868
-0.00116	1.628296	0.496089	0.069431	97.50917	1.838695	0.131831	3.85	4.9	3.529937	180.0	180.0	0.0	0.0	27.473641	1.49676	12.0	12.0	56.607869	-9.396377	49.755161	5.24838	5.267819	0.0	270.923654	5319.077946	-22691.546678	-605.733831	-7274.954832	7275.15287	15.905845	32.698179	415.445592	-263.327843	0.0	0.0	32.955922	-1.62205	-32.91598
-0.000443	2.451143	1.007968	0.086471	25.397947	0.613547	0.489325	3.85	4.9	3.684296	180.0	180.0	0.0	0.0	27.485961	1.49676	12.0	12.0	56.852347	-9.396415	49.75517	5.24838	5.267819	0.0	270.931629	2604.730527	-32057.394869	-266.344193	-11683.311859	11683.326027	14.161389	-3.564303	415.568747	-263.401394	0.0	0.0	32.965187	-1.623721	-32.925174
0.000883	2.258255	0.957637	0.090758	-53.956255	-0.884816	0.607001	3.85	4.9	1.13	180.0	180.0	0.0	0.0	27.485961	1.49676	12.0	12.0	56.874725	-9.39645	49.755178	5.24838	5.267819	0.0	270.94	-675.976556	-22553.544929	254.926317	-7836.474882	7836.531953	17.473704	-24.272218	415.571008	-263.395232	0.0	0.0	32.964517	-1.625734	-32.924404
0.003356	0.3725	-0.00783	0.044298	-89.124684	-1.31694	0.322269	3.85	4.9	-3.463267	180.0	180.0	0.0	0.0	27.485961	1.49676	12.0	12.0	56.964167	-9.396492	49.755187	5.24838	5.285246	0.0	270.95	-2583.760277	2031.362344	1025.828663	5111.570168	5111.653189	23.740023	1.928614	415.597183	-263.398519	0.0	0.0	32.965106	-1.629346	-32.924815
0.004071	-0.969106	-0.410348	-0.024443	-73.680509	-0.229208	0.038898	3.85	4.9	-4.151141	180.0	180.0	0.0	0.0	27.485961	1.49676	12.0	12.0	57.26602	-9.396529	49.755196	5.265163	5.287257	0.0	270.95	-2505.337676	8705.896549	1063.631461	7735.979017	7736.056543	23.900654	24.188558	415.733374	-263.478394	0.0	0.0	32.975188	-1.631579	-32.934799
0.003591	-1.807212	-0.302373	-0.082436	-37.105122	0.560748	-0.133026	3.85	4.9	-2.357628	180.0	180.0	0.0	0.0	27.485961	1.49676	12.0	12.0	57.683152	-9.396567	49.755205	5.267819	5.287257	0.0	270.95	-271.818466	18313.054777	691.537333	2508.645119	2509.696606	21.340648	56.742668	415.968176	-263.624418	0.0	0.0	32.993501	-1.633236	-32.953052
0.001736	-1.841034	0.05693	-0.107046	34.421191	0.523584	0.112337	3.85	4.9	1.498426	180.0	180.0	0.0	0.0	27.485961	1.49676	12.0	12.0	58.174224	-9.396603	49.755213	5.267819	5.293439	0.0	270.95	3934.760154	20752.817829	-91.720767	-3425.758871	3426.721465	26.075806	69.348207	416.394811	-263.891978	0.0	0.0	33.027025	-1.635657	-32.986497
0.000246	-1.163438	0.176306	-0.092116	77.24691	0.098696	0.459836	3.85	4.9	3.516933	180.0	180.0	0.0	0.0	27.487815	1.49676	12.0	12.0	58.338334	-9.396635	49.755221	5.270921	5.306695	0.095097	270.951588	5153.725089	15340.142293	-610.913658	-3640.069576	3640.611336	27.087718	56.547947	416.670742	-264.062156	0.0	0.0	33.048386	-1.637979	-33.00777
-0.002071	0.994665	0.04445	-0.036776	101.655908	-0.295275	1.213719	3.85	4.9	3.04759	180.0	180.0	0.0	0.0	27.5054	1.49676	12.0	12.0	58.274702	-9.39668	49.755231	5.287257	5.306695	1.0	270.97	4767.999404	-12041.736082	-1313.675608	1050.240645	1198.567414	15.428282	-0.851534	416.948508	-264.22234	0.0	0.0	33.068646	-1.643253	-33.027793
-0.002635	2.091347	-0.004988	0.026606	20.947493	0.15794	1.578205	3.876474	4.988248	-0.921209	180.0	180.0	0.0	0.0	27.5054	1.49676	12.0	12.0	58.010187	-9.396718	49.75524	5.287257	5.306695	1.0	270.994838	3819.845126	-17957.570443	-1321.252989	3715.102428	3715.202092	22.065632	-0.354008	416.925683	-264.191179	0.0	0.0	33.064971	-1.647568	-33.023897
-0.00159	2.004715	0.200801	0.095851	-25.875906	0.61783	1.91171	3.88	5.0	-1.766135	180.0	180.0	0.0	0.0	27.5054	1.49676	12.0	12.0	57.978305	-9.396755	49.755249	5.287257	5.323289	1.670968	271.023133	2470.170891	-10738.897256	-692.999879	1399.775087	1400.624106	19.053124	30.339664	417.031671	-264.238548	0.0	0.0	33.071166	-1.653209	-33.029819
-8.6e-05	1.5841	0.436036	0.129706	-44.582883	0.619396	2.042398	3.88	5.0	-0.751453	180.0	180.0	0.0	0.0	27.5054	1.49676	12.0	12.0	58.132831	-9.396793	49.755258	5.294971	5.326134	1.432584	271.05069	412.385646	-4140.407836	0.961393	-2597.866739	2598.292842	16.117374	44.071122	417.17612	-264.315065	0.0	0.0	33.080945	-1.657742	-33.039383
0.002848	0.70614	0.589041	0.116273	-42.58751	-0.192663	1.949156	3.88	5.0	1.988729	180.0	180.0	0.0	0.0	27.5054	1.49676	12.0	12.0	58.337511	-9.396831	49.755267	5.306695	5.326134	1.0	271.084496	-1361.662447	46.86265	1082.376542	-5790.891774	5791.062126	16.95543	40.293992	417.477878	-264.481622	0.0	0.0	33.102125	-1.66544	-33.060203
0.004321	0.144464	0.384197	0.068043	-46.148238	-0.860505	1.833211	3.88	5.0	2.14	180.0	180.0	0.0	0.0	27.5054	1.49676	12.0	12.0	58.411665	-9.396865	49.755275	5.306695	5.326134	1.0	271.119735	-1292.397325	-3299.773469	1477.050723	-4023.743771	4023.819917	19.001495	15.866197	417.623804	-264.558105	0.0	0.0	33.111915	-1.670235	-33.069763
0.005037	-0.976202	-0.363647	-0.041739	-41.618715	-0.914926	1.675611	3.88	5.0	-0.851487	180.0	180.0	0.0	0.0	27.5054	1.49676	12.0	12.0	58.375254	-9.396909	49.755285	5.306695	5.345572	1.0	271.149639	-499.445439	8365.357817	1371.581806	4131.915139	4132.006726	24.2694	11.132575	417.751164	-264.609781	0.0	0.0	33.118779	-1.678397	-33.076223
0.003948	-1.384471	-0.588596	-0.105455	-6.462186	0.100294	1.696787	3.88	5.0	-1.892367	180.0	180.0	0.0	0.0	27.524838	1.49676	12.0	12.0	58.231319	-9.396948	49.755294	5.306695	5.345572	1.0	271.177067	1294.890418	11948.148989	742.963132	7909.686659	7909.7756	24.315264	28.389615	417.891629	-264.67835	0.0	0.0	33.127641	-1.684345	-33.084794
0.002084	-1.259455	-0.302845	-0.131424	18.75669	1.026522	1.910543	3.88	5.0	-1.324894	180.0	180.0	0.0	0.0	27.524838	1.49676	12.0	12.0	58.03854	-9.396986	49.755303	5.326134	5.354654	1.717742	271.205254	3196.265529	4824.117227	-51.900873	3977.141297	3977.473893	23.461038	38.30465	418.076067	-264.776316	0.0	0.0	33.140162	-1.690062	-33.097039
-0.000347	-0.80209	0.331004	-0.112399	33.247438	1.036611	2.303022	3.88	5.0	0.239223	180.0	180.0	0.0	0.0	27.524838	1.49676	12.0	12.0	57.804895	-9.397023	49.755312	5.326134	5.365011	2.0	271.227694	3056.718395	5731.698769	-901.53936	-4094.79253	4095.145256	22.067537	47.859371	418.319647	-264.905362	0.0	0.0	33.156662	-1.697701	-33.11317
-0.001763	-0.297829	0.614999	-0.07604	45.076146	0.3474	2.562719	3.88	5.0	2.168934	180.0	180.0	0.0	0.0	27.524838	1.49676	12.0	12.0	57.667404	-9.397062	49.755321	5.327365	5.365011	2.0	271.281894	3116.346026	1696.818722	-1314.208449	-7171.599677	7171.803241	24.094496	48.183905	418.51796	-265.010845	0.0	0.0	33.170143	-1.703809	-33.126356
-0.002882	0.606501	0.357823	0.009981	29.063564	-0.950113	2.828457	3.88	5.0	2.5417	180.0	180.0	0.0	0.0	27.524838	1.49676	12.0	12.0	57.477356	-9.397101	49.75533	5.343783	5.365011	2.0	271.32965	16.176957	-11331.400462	-1464.601215	-2515.5507	2515.700028	18.073233	17.333354	418.777267	-265.13719	0.0	0.0	33.186484	-1.714853	-33.142149
-0.00213	0.750271	-0.133319	0.088278	-11.222992	-0.856525	2.702922	3.88	5.0	-0.52593	180.0	180.0	0.0	0.0	27.524838	1.49676	12.0	12.0	57.360499	-9.39714	49.75534	5.345572	5.384449	2.0	271.374532	-2342.807149	-12531.554969	-932.822944	3345.585548	3345.64152	18.845467	-2.390948	418.832109	-265.142682	0.0	0.0	33.187581	-1.722789	-33.142835
2.3e-05	0.31247	-0.377926	0.142532	-36.850463	-0.053424	2.415275	3.88	5.0	-3.001534	180.0	180.0	0.0	0.0	27.524838	1.49676	12.0	12.0	57.264842	-9.397179	49.755349	5.345572	5.384449	2.0	271.416267	-2550.030936	-2892.963954	65.423319	6205.326451	6205.387197	20.862095	15.903857	418.877707	-265.143491	0.0	0.0	33.188077	-1.73038	-33.142936
0.002023	-0.157622	-0.26809	0.141608	-35.903419	0.597234	2.255177	3.88	5.0	-2.293094	180.0	180.0	0.0	0.0	27.544276	1.49676	12.0	12.0	57.206066	-9.397217	49.755358	5.353689	5.392566	2.0	271.451799	-891.644369	4893.52784	826.784489	4160.470855	4160.863914	23.104537	48.208478	419.008247	-265.206776	0.0	0.0	33.196271	-1.736023	-33.150847
0.00429	-0.584688	0.223525	0.063097	-6.23054	0.805407	2.324541	3.88	5.0	0.438484	180.0	180.0	0.0	0.0	27.544276	1.49676	12.0	12.0	57.166553	-9.397254	49.755366	5.365011	5.403888	2.0	271.48527	1413.496732	8793.6398	1441.889908	-3328.67577	3329.233383	24.775428	47.996152	419.330678	-265.381477	0.0	0.0	33.218555	-1.745111	-33.172685
0.004649	-0.549958	0.440137	-0.010651	12.631257	0.180537	2.44339	3.88	5.0	1.31	180.0	180.0	0.0	0.0	27.544276	1.49676	12.0	12.0	57.180772	-9.397286	49.755374	5.365011	5.403888	2.0	271.53	1740.84946	5728.184136	1338.586458	-7478.535877	7478.680056	23.047926	40.315127	419.51226	-265.47688	0.0	0.0	33.230775	-1.751016	-33.18461
0.002889	-0.237966	0.046468	-0.110212	10.426792	-0.970814	2.717159	3.88	5.0	0.856218	180.0	180.0	0.0	0.0	27.544276	1.49676	12.0	12.0	57.24609	-9.397333	49.755385	5.365011	5.403888	2.0	271.57965	740.807424	543.825066	334.51305	-76.527647	1762.290825	24.597465	24.012813	419.733027	-265.576125	0.0	0.0	33.243776	-1.762613	-33.197016
0.000801	0.023382	-0.365034	-0.119416	25.201805	-0.467987	2.732982	3.88	5.0	0.219519	180.0	180.0	0.0	0.0	27.544276	1.49676	12.0	12.0	57.330353	-9.397371	49.755395	5.382049	5.423326	2.0	271.62451	-277.46867	8297.362561	-504.225267	5807.003685	5807.132431	25.147472	29.152184	419.888085	-265.643396	0.0	0.0	33.25264	-1.771401	-33.205425
-0.000942	0.516059	-0.372122	-0.097268	40.412908	0.414001	2.722025	3.88	5.0	-0.10029	180.0	180.0	0.0	0.0	27.544276	1.49676	12.0	12.0	57.425632	-9.39741	49.755404	5.384449	5.423326	2.0	271.669314	230.241968	-1491.148397	-1098.627822	6658.817824	6658.898207	20.253393	25.653798	420.025005	-265.704651	0.0	0.0	33.260674	-1.778672	-33.213081
-0.002335	0.98501	0.14512	-0.019577	-1.741811	1.132602	2.758139	3.88	5.0	-0.756398	180.0	180.0	0.0	0.0	27.55128	1.49676	12.0	12.0	57.57629	-9.397447	49.755413	5.384449	5.43033	2.0	271.698428	122.464433	-16883.989811	-1358.680057	-843.5926	2330.019342	16.534189	28.534975	420.184933	-265.772893	0.0	0.0	33.269694	-1.788038	-33.221612
-0.001969	0.725958	0.529475	0.057833	-33.375111	0.687315	2.771708	3.88	5.0	-0.101546	180.0	180.0	0.0	0.0	27.563715	1.49676	12.0	12.0	57.698877	-9.397485	49.755422	5.384449	5.442765	2.0	271.752881	267.556408	-6010.494957	-955.776947	-6708.202177	6708.323027	18.249223	35.88839	420.317884	-265.834462	0.0	0.0	33.27773	-1.794547	-33.229308
-0.000436	0.188031	0.625987	0.122112	-36.841611	-0.342153	2.803212	3.88	5.0	1.15	180.0	180.0	0.0	0.0	27.563715	1.49676	12.0	12.0	57.831504	-9.397522	49.755431	5.384449	5.442765	2.0	271.8	377.595149	4330.695116	-160.700521	-7860.603148	7860.725722	21.438584	38.306747	420.490287	-265.918249	0.0	0.0	33.288588	-1.801945	-33.239781
0.002686	-0.357162	-0.089871	0.107746	-10.916395	-1.283945	2.816035	3.88	5.0	0.636868	180.0	180.0	0.0	0.0	27.563715	1.49676	12.0	12.0	58.017357	-9.397564	49.755441	5.403888	5.442765	2.0	271.854537	-401.314295	5693.189699	967.413122	1637.210989	2798.974235	23.015304	21.836891	420.722654	-266.022705	0.0	0.0	33.302288	-1.814153	-33.252838
0.003885	-0.384517	-0.576244	0.034586	6.944098	-0.485877	2.762409	3.88	5.0	-0.514	180.0	180.0	0.0	0.0	27.563715	1.49676	12.0	12.0	58.158155	-9.397603	49.755451	5.403888	5.462203	2.0	271.899698	-29.388038	3344.116959	1175.49638	8351.787466	8351.838771	21.408945	19.570128	420.848444	-266.072242	0.0	0.0	33.308933	-1.822611	-33.25903
0.003801	-0.264751	-0.512994	-0.034953	7.255766	0.728219	2.760796	3.88	5.0	-1.628511	180.0	180.0	0.0	0.0	27.563715	1.49676	12.0	12.0	58.27946	-9.397641	49.75546	5.412163	5.462203	2.0	271.944149	-653.819117	-1815.367499	913.454726	7737.708778	7737.779895	23.483481	20.347114	420.943527	-266.105841	0.0	0.0	33.313533	-1.830019	-33.26323
0.00256	-0.170428	0.17208	-0.08767	5.167655	1.419162	2.631563	3.88	5.0	-0.442376	180.0	180.0	0.0	0.0	27.563715	1.49676	12.0	12.0	58.432622	-9.397678	49.755469	5.423326	5.467848	2.0	271.986169	-619.341363	1550.463363	279.399786	-1252.106982	2763.238039	23.845096	54.422151	421.165603	-266.21367	0.0	0.0	33.327517	-1.839575	-33.276709
0.001375	-0.080277	0.649948	-0.096553	10.315489	0.975141	2.641999	3.88	5.0	1.413919	180.0	180.0	0.0	0.0	27.564746	1.49676	12.0	12.0	58.538222	-9.397718	49.755479	5.423326	5.481641	2.029668	272.030863	1238.065212	2422.671069	-187.501068	-7320.398315	7320.604242	23.546616	49.427914	421.369557	-266.321639	0.0	0.0	33.341347	-1.845994	-33.290205
-0.000586	0.152266	0.717197	-0.059302	3.618976	-0.747665	2.99844	3.88	5.0	2.025268	180.0	180.0	0.0	0.0	27.583153	1.49676	12.0	12.0	58.656424	-9.397759	49.755489	5.423326	5.481641	2.902269	272.08451	2603.003562	-5506.531412	-815.543171	-7014.854785	7014.895659	15.85889	17.694233	421.62529	-266.442806	0.0	0.0	33.357125	-1.857791	-33.305351
-0.001041	0.092632	0.141871	-0.00065	-9.306942	-1.400726	3.183953	3.88	5.0	0.197267	180.0	180.0	0.0	0.0	27.583153	1.49676	12.0	12.0	58.681619	-9.397798	49.755498	5.440506	5.481641	3.0	272.13468	669.436628	-2629.083917	-810.240198	-152.350017	2145.839944	16.485418	10.59895	421.701648	-266.460067	0.0	0.0	33.359754	-1.866305	-33.307508
-0.000492	-0.088061	-0.477688	0.053729	-10.257993	-0.896406	3.115021	3.88	5.0	-1.450225	180.0	180.0	0.0	0.0	27.583153	1.49676	12.0	12.0	58.704028	-9.397837	49.755508	5.442765	5.50108	2.46357	272.189394	-2059.662133	2051.7878	-431.500671	6262.59039	6262.646839	20.415297	16.951456	421.779902	-266.476234	0.0	0.0	33.362284	-1.875432	-33.309529
0.00075	-0.205987	-0.631344	0.073301	-3.603743	0.378286	2.811809	3.88	5.0	-2.011653	180.0	180.0	0.0	0.0	27.583153	1.49676	12.0	12.0	58.733503	-9.397875	49.755517	5.442765	5.50108	2.0	272.229638	-2847.703467	1487.400512	105.696776	7715.454859	7715.548961	21.449498	31.058468	421.914424	-266.526875	0.0	0.0	33.369148	-1.885094	-33.315859
0.001674	-0.213692	-0.283423	0.05904	3.552894	1.157647	2.608518	3.88	5.0	-0.75625	180.0	180.0	0.0	0.0	27.583153	1.49676	12.0	12.0	58.742533	-9.397914	49.755526	5.442765	5.50515	2.0	272.274045	-1059.522219	4746.271634	414.432214	3404.657742	3405.779659	19.979028	57.864977	422.100657	-266.620949	0.0	0.0	33.381288	-1.892145	-33.327619
0.002227	-0.084482	0.242247	0.026891	16.20113	1.273357	2.646234	3.88	5.0	1.41	180.0	180.0	0.0	0.0	27.583153	1.49676	12.0	12.0	58.731589	-9.397949	49.755535	5.442765	5.520518	2.0	272.32	2638.951233	1760.131648	531.416332	-3737.85351	3738.259348	21.622798	50.661104	422.341188	-266.7513	0.0	0.0	33.39794	-1.898918	-33.343913
