run_id,exp,notes,seed,n_train_rows,mae,rmse,r2,skill,per_target_mae
20260929-035407-f1-minimal-k1-s42-3900,F1,F1 minimal k1 s42,42,700,9.720706939697266,32.30809020996094,0.002889096736907959,0.13249035499901696,"{'Pitch(градусы)': 0.27248939871788025, 'Roll(градусы)': 1.5489327907562256, 'Vertical(Метр)': 0.5764695405960083, 'Velocity.Pitching(°/мин)': 8.939406394958496, 'Velocity.Rolling(°/мин)': 49.44837188720703, 'Velocity.Vertical(узлы)': 0.7657042741775513, 'ROT(°/мин)': 14.967137336730957, 'SOG(узлы)': 1.2471356391906738}"
20260929-035421-f1-minimal-k2-s42-3900,F1,F1 minimal k2 s42,42,1400,9.969808578491211,28.59213638305664,0.21906644105911255,0.11025965968232132,"{'Pitch(градусы)': 0.2871141731739044, 'Roll(градусы)': 1.6061729192733765, 'Vertical(Метр)': 0.6864705085754395, 'Velocity.Pitching(°/мин)': 9.204666137695312, 'Velocity.Rolling(°/мин)': 52.81218719482422, 'Velocity.Vertical(узлы)': 0.8540109395980835, 'ROT(°/мин)': 13.121708869934082, 'SOG(узлы)': 1.1861387491226196}"
20260929-035454-f1-minimal-k2-s43-13bd,F1,F1 minimal k2 s43,43,1400,9.440756797790527,25.78719711303711,0.3647727370262146,0.15747407786300993,"{'Pitch(градусы)': 0.2892335057258606, 'Roll(градусы)': 1.4120930433273315, 'Vertical(Метр)': 0.6590797305107117, 'Velocity.Pitching(°/мин)': 9.031368255615234, 'Velocity.Rolling(°/мин)': 46.76359558105469, 'Velocity.Vertical(узлы)': 0.8569947481155396, 'ROT(°/мин)': 15.693236351013184, 'SOG(узлы)': 0.8204508423805237}"
20260929-035523-f1-minimal-k2-s44-d12b,F1,F1 minimal k2 s44,44,1400,8.238860130310059,25.60959243774414,0.37349259853363037,0.26473551037013143,"{'Pitch(градусы)': 0.29731959104537964, 'Roll(градусы)': 1.4886282682418823, 'Vertical(Метр)': 0.7047111392021179, 'Velocity.Pitching(°/мин)': 9.257818222045898, 'Velocity.Rolling(°/мин)': 43.71711730957031, 'Velocity.Vertical(узлы)': 0.8782948851585388, 'ROT(°/мин)': 8.72015380859375, 'SOG(узлы)': 0.8468337655067444}"
20260929-035601-f1-minimal-k4-s42-3900,F1,F1 minimal k4 s42,42,2449,10.282682418823242,28.418424606323242,0.228526771068573,0.08233771163468406,"{'Pitch(градусы)': 0.3112741708755493, 'Roll(градусы)': 1.922274112701416, 'Vertical(Метр)': 0.6215266585350037, 'Velocity.Pitching(°/мин)': 10.069620132446289, 'Velocity.Rolling(°/мин)': 54.10931396484375, 'Velocity.Vertical(узлы)': 0.7892082333564758, 'ROT(°/мин)': 13.036203384399414, 'SOG(узлы)': 1.402039647102356}"
20260929-035644-f1-minimal-k4-s43-13bd,F1,F1 minimal k4 s43,43,2449,10.830913543701172,30.322280883789062,0.12169647216796875,0.03341166217431901,"{'Pitch(градусы)': 0.4604629874229431, 'Roll(градусы)': 1.881445288658142, 'Vertical(Метр)': 0.609890341758728, 'Velocity.Pitching(°/мин)': 17.138395309448242, 'Velocity.Rolling(°/мин)': 56.01276779174805, 'Velocity.Vertical(узлы)': 0.78447425365448, 'ROT(°/мин)': 8.661643981933594, 'SOG(узлы)': 1.0982273817062378}"
20260929-035752-f1-minimal-k4-s44-d12b,F1,F1 minimal k4 s44,44,2449,10.123187065124512,25.419933319091797,0.38273775577545166,0.09657163088817411,"{'Pitch(градусы)': 0.4103187918663025, 'Roll(градусы)': 1.684436559677124, 'Vertical(Метр)': 0.6371617913246155, 'Velocity.Pitching(°/мин)': 13.950058937072754, 'Velocity.Rolling(°/мин)': 50.01018142700195, 'Velocity.Vertical(узлы)': 0.7819941639900208, 'ROT(°/мин)': 12.104391098022461, 'SOG(узлы)': 1.4069645404815674}"
20260929-035843-f1-minimal-k9-s42-3900,F1,F1 minimal k9 s42,42,5949,5.680658340454102,19.170255661010742,0.6489437818527222,0.4930383221230321,"{'Pitch(градусы)': 0.23584266006946564, 'Roll(градусы)': 0.9197141528129578, 'Vertical(Метр)': 0.5348170399665833, 'Velocity.Pitching(°/мин)': 8.537747383117676, 'Velocity.Rolling(°/мин)': 29.705501556396484, 'Velocity.Vertical(узлы)': 0.7257940173149109, 'ROT(°/мин)': 4.4550461769104, 'SOG(узлы)': 0.3308010399341583}"
20260929-040112-f1-minimal-k9-s43-13bd,F1,F1 minimal k9 s43,43,5949,6.907049179077148,23.627235412597656,0.466730535030365,0.3835909447207184,"{'Pitch(градусы)': 0.22143134474754333, 'Roll(градусы)': 1.2967675924301147, 'Vertical(Метр)': 0.5770547389984131, 'Velocity.Pitching(°/мин)': 8.019760131835938, 'Velocity.Rolling(°/мин)': 40.68107986450195, 'Velocity.Vertical(узлы)': 0.7773317098617554, 'ROT(°/мин)': 3.319967031478882, 'SOG(узлы)': 0.36299410462379456}"
20260929-040319-f1-minimal-k9-s44-d12b,F1,F1 minimal k9 s44,44,5949,6.990306854248047,24.83163833618164,0.41097790002822876,0.37616074065437066,"{'Pitch(градусы)': 0.21122774481773376, 'Roll(градусы)': 1.297363042831421, 'Vertical(Метр)': 0.5752432942390442, 'Velocity.Pitching(°/мин)': 7.698702335357666, 'Velocity.Rolling(°/мин)': 41.296451568603516, 'Velocity.Vertical(узлы)': 0.760647177696228, 'ROT(°/мин)': 3.747370719909668, 'SOG(узлы)': 0.3354487419128418}"
