dataset,horizon,metric,ok,exponent_b,coef_c,skill_at_5000,b_ci95,q5000_ci95,n_boot_valid,n_seeds_per_point
12k,10,skill,True,0.22277952281332097,0.0923988138279668,0.6161992543587557,"[0.1427946824115557, 0.3008310473133181]","[0.5989349971564366, 0.6326046469369578]",2000,3
12k,10,MAE/sigma,True,-0.17963599212676498,1.8883104632366337,0.40888883596154835,"[-0.2667826904277867, -0.09377629311128335]","[0.37999490576200656, 0.4474510999855869]",2000,3
12k,20,skill,True,0.14245523693872653,0.12386080642577879,0.4167461070641267,"[-0.06557505328431074, 0.3630079105628922]","[0.36746256253326254, 0.4835327545330001]",2000,3
12k,20,MAE/sigma,True,-0.05871113437738013,0.9176218959879716,0.5565357190256975,"[-0.11993019863850236, -0.002201105396758182]","[0.5236363941028469, 0.5851823266650981]",2000,3
12k,30,skill,True,0.27621621252515977,0.03247409488345127,0.34139137132873626,"[-0.03861842618366262, 0.5925421581673779]","[0.2686075662526452, 0.4295880744157778]",2000,3
12k,30,MAE/sigma,True,-0.05392366614893971,0.9864276487183692,0.6231652293055222,"[-0.16121575245027966, 0.0525653289172902]","[0.5669305672609457, 0.6850116810098447]",2000,3
71k,10,skill,True,0.6459466159025646,0.0014870966835715427,0.36448223182847245,"[0.2828891924804736, 1.5806940765814497]","[0.2604495249023388, 0.4162116554425845]",1923,3
71k,10,MAE/sigma,True,-0.2859971130078176,4.749968984838133,0.4157153219726047,"[-0.3316512612806944, -0.2434854237891512]","[0.39891372387124796, 0.43103390691007437]",2000,3
71k,20,skill,True,0.45156212397057366,0.00558790187638791,0.26155529892747814,"[0.22050710473764323, 0.7898150791372482]","[0.17071996568253103, 0.34788172572021875]",1678,1
71k,20,MAE/sigma,True,-0.205841155472576,2.8775341759013697,0.49844842793842453,"[-0.22704643688655893, -0.1818384870618199]","[0.480458027781263, 0.5152507370210206]",2000,1
71k,30,skill,True,0.3907019487350859,0.010019963738554646,0.2792935709879084,"[0.10480283893321528, 0.9537469492636138]","[0.23244661659295976, 0.31207657092353197]",2000,3
71k,30,MAE/sigma,True,-0.1452314374708812,1.8256271831662225,0.5299139625624589,"[-0.19532001506704313, -0.09405059789424189]","[0.5096106014666533, 0.5484677767746338]",2000,3
