dataset,horizon,n_train,n_seeds,mae_mean,mae_sd,r2_mean,r2_sd,skill_mean,skill_sd,mae_over_sigma_mean,mae_over_sigma_sd
12k,10,1400,3,10.074221928914389,1.0272277975301891,0.5869928002357483,0.04755937166872043,0.4594722221966377,0.0551154384541804,0.52082898371396,0.039331726836613394
12k,10,2800,3,8.342991511027018,0.6438581234954652,0.6772756179173788,0.02589155975847396,0.5523605998052782,0.03454591363674175,0.4418558354622406,0.03489998468600449
12k,10,5600,3,6.975579897562663,0.29160131141414575,0.7672048807144165,0.020590015521244023,0.625728445578758,0.015645735221580477,0.4060163292818088,0.047733210797536674
12k,20,1400,3,12.087850570678711,1.7156521673565364,0.39787769317626953,0.13718282884414398,0.34382340230306824,0.09313242213120515,0.6066722659492622,0.02646099874213446
12k,20,2800,3,11.195779164632162,0.8940633686308045,0.37078724304835003,0.13880664373071094,0.3922485856472628,0.04853331499453492,0.5626922979947993,0.02546922446497703
12k,20,5600,3,10.704964319864908,1.4768426129850187,0.4358341495196025,0.14914060719901825,0.4188919672026025,0.08016888986640948,0.5592506744862638,0.0427518636691409
12k,30,1400,3,14.425677617390951,1.5827937142364008,0.23633660872777304,0.20627146284975484,0.23368604358470146,0.08408041331409839,0.6714636903251788,0.06287478576240588
12k,30,2800,3,13.040350278218588,1.7417589052089577,0.16560335954030356,0.14231028846009663,0.30727674228440716,0.09252486917611177,0.6352807993098694,0.08066854333037003
12k,30,5600,3,12.373257319132486,2.095339708413658,0.2170958717664083,0.2939657642079195,0.34271373205533967,0.11130765731292877,0.6230992822834613,0.07917164649086997
71k,10,1400,3,1.0378604729970295,0.2003649680342056,0.06774369875590007,0.10944961049120386,0.12743064968941464,0.1684545606383338,0.6100690810663282,0.034450558693392204
71k,10,2800,3,0.8003408312797546,0.07552986318651167,0.17613561948140463,0.10669887881445839,0.3271225782785852,0.063500870651127,0.4898582461689638,0.06934077221565248
71k,10,5600,3,0.6457879940668741,0.02858731095324881,0.49855947494506836,0.10805468005011176,0.4570611126617967,0.024034455492433392,0.38088222081663803,0.014105225620547368
71k,10,11200,3,0.5863766074180603,0.04979447294605529,0.5874209602673849,0.050588441806991506,0.5070105580814749,0.041864134956531684,0.3426309235974651,0.027417888395391925
71k,20,1400,3,1.110438346862793,0.24354552826352555,-0.07121233145395915,0.22728161793176133,0.09229040994226541,0.19908229236232838,0.6571544429786339,0.06409283395782932
71k,20,2800,3,0.8783695101737976,0.052691855455901666,0.06669137875239055,0.08110768262340608,0.2819912692572145,0.043072091890904156,0.5535307286774648,0.06115533237318157
71k,20,5600,3,0.7749969363212585,0.015829005848076578,0.3252289295196533,0.049837222340058676,0.3664914820785708,0.012939160872795778,0.4727353809238448,0.0096838512022577
71k,20,11200,3,0.7398984829584757,0.06942860313314357,0.269120196501414,0.14714512182960132,0.3951821363626205,0.05675327141422455,0.43812286852919025,0.03431049716774005
71k,20,49700,1,0.48793676495552063,0.0,0.6739333271980286,0.0,0.6011441048094508,0.0,0.3084459834210435,0.0
71k,30,1400,3,1.0758543809254963,0.14782326633416848,-0.0694182316462199,0.08509018660247729,0.13822573330552715,0.11840848464633584,0.6547749985473917,0.049760656390930365
71k,30,2800,3,0.8854878147443136,0.0375970086700372,0.04243997732798258,0.07357430504321762,0.29071199063043407,0.030115724907542864,0.5588556180375762,0.046114828296355236
71k,30,5600,3,0.8516774574915568,0.007176783950144801,0.14898165067036948,0.06134876819496828,0.31779455528301076,0.00574870338915227,0.5119420419956363,0.022228434863535703
71k,30,11200,3,0.8352773984273275,0.07865745147408824,0.11358433961868286,0.23460770033941114,0.33093122984082995,0.0630057085474959,0.48200879928291257,0.04543292772840822
